Country,Region,Year,Happiness Rank,Happiness Score,GDP per Capita,Family,Health (Life Expectancy),Freedom,Trust in Government,Generosity,Social Support
Afghanistan,Southern Asia,2015,153,3.575,0.32,0.303,0.303,0.234,0.097,0.365,
Albania,Central and Eastern Europe,2015,95,4.959,0.879,0.804,0.813,0.357,0.064,0.143,
Algeria,Middle East and Northern Africa,2015,68,5.605,0.939,1.078,0.618,0.286,0.174,0.078,
Angola,Sub-Saharan Africa,2015,137,4.033,0.758,0.86,0.167,0.104,0.071,0.123,
Argentina,Latin America and Caribbean,2015,30,6.574,1.054,1.248,0.787,0.45,0.085,0.115,
Armenia,Central and Eastern Europe,2015,127,4.35,0.768,0.777,0.73,0.198,0.039,0.079,
Australia,Australia and New Zealand,2015,10,7.284,1.334,1.309,0.932,0.651,0.356,0.436,
Austria,Western Europe,2015,13,7.2,1.337,1.297,0.89,0.624,0.187,0.331,
Azerbaijan,Central and Eastern Europe,2015,80,5.212,1.024,0.938,0.64,0.37,0.161,0.078,
Bahrain,Middle East and Northern Africa,2015,49,5.96,1.324,1.216,0.747,0.455,0.306,0.174,
Bangladesh,Southern Asia,2015,109,4.694,0.398,0.431,0.602,0.408,0.126,0.212,
Belarus,Central and Eastern Europe,2015,59,5.813,1.032,1.233,0.736,0.379,0.191,0.11,
Belgium,Western Europe,2015,19,6.937,1.308,1.286,0.897,0.585,0.225,0.223,
Benin,Sub-Saharan Africa,2015,155,3.34,0.287,0.354,0.319,0.485,0.08,0.183,
Bhutan,Southern Asia,2015,79,5.253,0.77,1.104,0.574,0.532,0.154,0.48,
Bolivia,Latin America and Caribbean,2015,51,5.89,0.681,0.978,0.539,0.574,0.088,0.205,
Bosnia and Herzegovina,Central and Eastern Europe,2015,96,4.949,0.832,0.919,0.791,0.092,0.002,0.248,
Botswana,Sub-Saharan Africa,2015,128,4.332,0.994,1.105,0.048,0.495,0.125,0.105,
Brazil,Latin America and Caribbean,2015,16,6.983,0.981,1.233,0.697,0.49,0.175,0.146,
Bulgaria,Central and Eastern Europe,2015,134,4.218,1.012,1.106,0.766,0.306,0.009,0.119,
Burkina Faso,Sub-Saharan Africa,2015,152,3.587,0.258,0.852,0.271,0.395,0.128,0.217,
Burundi,Sub-Saharan Africa,2015,157,2.905,0.015,0.416,0.224,0.119,0.101,0.197,
Cambodia,Southeastern Asia,2015,145,3.819,0.46,0.627,0.611,0.662,0.072,0.404,
Cameroon,Sub-Saharan Africa,2015,133,4.252,0.423,0.888,0.234,0.493,0.058,0.206,
Canada,North America,2015,5,7.427,1.326,1.323,0.906,0.633,0.33,0.458,
Central African Republic,Sub-Saharan Africa,2015,148,3.678,0.079,0,0.067,0.489,0.083,0.238,
Chad,Sub-Saharan Africa,2015,149,3.667,0.342,0.761,0.15,0.235,0.053,0.184,
Chile,Latin America and Caribbean,2015,27,6.67,1.107,1.124,0.859,0.441,0.129,0.334,
China,Eastern Asia,2015,84,5.14,0.89,0.947,0.817,0.517,0.028,0.082,
Colombia,Latin America and Caribbean,2015,33,6.477,0.919,1.24,0.691,0.535,0.051,0.184,
Comoros,Sub-Saharan Africa,2015,140,3.956,0.239,0.793,0.363,0.229,0.199,0.174,
Congo (Brazzaville),Sub-Saharan Africa,2015,139,3.989,0.679,0.663,0.311,0.415,0.117,0.124,
Congo (Kinshasa),Sub-Saharan Africa,2015,120,4.517,0,1.001,0.098,0.226,0.076,0.248,
Costa Rica,Latin America and Caribbean,2015,12,7.226,0.956,1.238,0.86,0.634,0.106,0.255,
Croatia,Central and Eastern Europe,2015,62,5.759,1.083,0.796,0.788,0.259,0.024,0.054,
Cyprus,Western Europe,2015,67,5.689,1.208,0.893,0.924,0.407,0.061,0.306,
Czech Republic,Central and Eastern Europe,2015,31,6.505,1.179,1.206,0.845,0.464,0.027,0.107,
Denmark,Western Europe,2015,3,7.527,1.325,1.361,0.875,0.649,0.484,0.341,
Djibouti,Sub-Saharan Africa,2015,126,4.369,0.44,0.592,0.363,0.461,0.281,0.181,
Dominican Republic,Latin America and Caribbean,2015,98,4.885,0.895,1.172,0.668,0.577,0.142,0.217,
Ecuador,Latin America and Caribbean,2015,48,5.975,0.864,0.999,0.791,0.486,0.181,0.115,
Egypt,Middle East and Northern Africa,2015,135,4.194,0.882,0.747,0.617,0.173,0.063,0.113,
El Salvador,Latin America and Caribbean,2015,42,6.13,0.765,1.025,0.677,0.404,0.118,0.107,
Estonia,Central and Eastern Europe,2015,73,5.429,1.152,1.228,0.774,0.449,0.152,0.087,
Ethiopia,Sub-Saharan Africa,2015,122,4.512,0.191,0.604,0.441,0.435,0.15,0.243,
Finland,Western Europe,2015,6,7.406,1.29,1.318,0.889,0.642,0.414,0.234,
France,Western Europe,2015,29,6.575,1.278,1.26,0.946,0.55,0.206,0.123,
Gabon,Sub-Saharan Africa,2015,143,3.896,1.06,0.905,0.434,0.319,0.111,0.068,
Georgia,Central and Eastern Europe,2015,130,4.297,0.742,0.386,0.729,0.406,0.383,0.055,
Germany,Western Europe,2015,26,6.75,1.328,1.299,0.892,0.615,0.218,0.282,
Ghana,Sub-Saharan Africa,2015,114,4.633,0.546,0.68,0.401,0.423,0.044,0.231,
Greece,Western Europe,2015,102,4.857,1.154,0.929,0.882,0.077,0.014,0,
Guatemala,Latin America and Caribbean,2015,43,6.123,0.746,1.044,0.644,0.577,0.095,0.275,
Guinea,Sub-Saharan Africa,2015,150,3.656,0.174,0.465,0.24,0.377,0.121,0.287,
Haiti,Latin America and Caribbean,2015,119,4.518,0.267,0.743,0.388,0.244,0.172,0.462,
Honduras,Latin America and Caribbean,2015,105,4.788,0.595,0.953,0.695,0.401,0.068,0.23,
Hong Kong,Eastern Asia,2015,72,5.474,1.386,1.058,1.013,0.596,0.371,0.395,
Hungary,Central and Eastern Europe,2015,104,4.8,1.121,1.202,0.759,0.321,0.028,0.128,
Iceland,Western Europe,2015,2,7.561,1.302,1.402,0.948,0.629,0.141,0.436,
India,Southern Asia,2015,117,4.565,0.645,0.382,0.515,0.398,0.085,0.265,
Indonesia,Southeastern Asia,2015,74,5.399,0.828,1.087,0.638,0.466,0,0.515,
Iran,Middle East and Northern Africa,2015,110,4.686,1.009,0.544,0.698,0.3,0.059,0.381,
Iraq,Middle East and Northern Africa,2015,112,4.677,0.985,0.819,0.602,0,0.138,0.179,
Ireland,Western Europe,2015,18,6.94,1.336,1.369,0.895,0.618,0.287,0.459,
Israel,Middle East and Northern Africa,2015,11,7.278,1.229,1.224,0.914,0.413,0.078,0.332,
Italy,Western Europe,2015,50,5.948,1.251,1.198,0.954,0.262,0.029,0.228,
Ivory Coast,Sub-Saharan Africa,2015,151,3.655,0.465,0.771,0.152,0.469,0.179,0.202,
Jamaica,Latin America and Caribbean,2015,65,5.709,0.81,1.151,0.687,0.504,0.023,0.212,
Japan,Eastern Asia,2015,46,5.987,1.271,1.257,0.991,0.496,0.181,0.107,
Jordan,Middle East and Northern Africa,2015,82,5.192,0.902,1.054,0.696,0.407,0.143,0.111,
Kazakhstan,Central and Eastern Europe,2015,54,5.855,1.123,1.122,0.644,0.516,0.085,0.118,
Kenya,Sub-Saharan Africa,2015,125,4.419,0.365,0.999,0.414,0.422,0.058,0.375,
Kosovo,Central and Eastern Europe,2015,69,5.589,0.801,0.812,0.631,0.247,0.047,0.283,
Kuwait,Middle East and Northern Africa,2015,39,6.295,1.554,1.166,0.725,0.555,0.256,0.162,
Kyrgyzstan,Central and Eastern Europe,2015,77,5.286,0.474,1.151,0.651,0.435,0.042,0.3,
Laos,Southeastern Asia,2015,99,4.876,0.591,0.738,0.549,0.596,0.242,0.422,
Latvia,Central and Eastern Europe,2015,89,5.098,1.113,1.096,0.724,0.297,0.063,0.182,
Lebanon,Middle East and Northern Africa,2015,103,4.839,1.026,0.8,0.839,0.339,0.046,0.219,
Lesotho,Sub-Saharan Africa,2015,97,4.898,0.375,1.041,0.076,0.318,0.125,0.164,
Liberia,Sub-Saharan Africa,2015,116,4.571,0.071,0.79,0.342,0.285,0.062,0.244,
Libya,Middle East and Northern Africa,2015,63,5.754,1.131,1.119,0.704,0.417,0.11,0.183,
Lithuania,Central and Eastern Europe,2015,56,5.833,1.147,1.257,0.731,0.213,0.01,0.026,
Luxembourg,Western Europe,2015,17,6.946,1.564,1.22,0.919,0.616,0.378,0.28,
Macedonia,Central and Eastern Europe,2015,93,5.007,0.919,1.002,0.735,0.335,0.053,0.224,
Madagascar,Sub-Saharan Africa,2015,147,3.681,0.208,0.668,0.467,0.192,0.081,0.213,
Malawi,Sub-Saharan Africa,2015,131,4.292,0.016,0.411,0.226,0.431,0.07,0.331,
Malaysia,Southeastern Asia,2015,61,5.77,1.125,1.07,0.724,0.53,0.105,0.331,
Mali,Sub-Saharan Africa,2015,138,3.995,0.261,1.035,0.206,0.389,0.124,0.188,
Malta,Western Europe,2015,37,6.302,1.207,1.302,0.887,0.604,0.136,0.518,
Mauritania,Sub-Saharan Africa,2015,124,4.436,0.454,0.869,0.359,0.242,0.175,0.219,
Mauritius,Sub-Saharan Africa,2015,71,5.477,1.008,0.985,0.71,0.561,0.075,0.377,
Mexico,Latin America and Caribbean,2015,14,7.187,1.021,0.915,0.814,0.482,0.213,0.141,
Moldova,Central and Eastern Europe,2015,52,5.889,0.594,1.015,0.618,0.328,0.016,0.21,
Mongolia,Eastern Asia,2015,100,4.874,0.828,1.301,0.603,0.436,0.027,0.332,
Montenegro,Central and Eastern Europe,2015,82,5.192,0.974,0.906,0.725,0.183,0.143,0.161,
Morocco,Middle East and Northern Africa,2015,92,5.013,0.735,0.641,0.61,0.417,0.085,0.072,
Mozambique,Sub-Saharan Africa,2015,94,4.971,0.083,1.026,0.091,0.34,0.156,0.223,
Myanmar,Southeastern Asia,2015,129,4.307,0.271,0.709,0.482,0.44,0.19,0.796,
Nepal,Southern Asia,2015,121,4.514,0.36,0.864,0.569,0.383,0.059,0.323,
Netherlands,Western Europe,2015,7,7.378,1.329,1.28,0.893,0.616,0.318,0.476,
New Zealand,Australia and New Zealand,2015,9,7.286,1.25,1.32,0.908,0.639,0.429,0.475,
Nicaragua,Latin America and Caribbean,2015,57,5.828,0.593,1.142,0.743,0.555,0.193,0.278,
Niger,Sub-Saharan Africa,2015,144,3.845,0.069,0.773,0.297,0.477,0.156,0.194,
Nigeria,Sub-Saharan Africa,2015,78,5.268,0.654,0.904,0.16,0.343,0.04,0.272,
North Cyprus,Western Europe,2015,66,5.695,1.208,1.07,0.924,0.49,0.143,0.262,
Norway,Western Europe,2015,4,7.522,1.459,1.331,0.885,0.67,0.365,0.347,
Oman,Middle East and Northern Africa,2015,22,6.853,1.36,1.082,0.763,0.633,0.325,0.215,
Pakistan,Southern Asia,2015,81,5.194,0.595,0.414,0.515,0.121,0.105,0.337,
Palestinian Territories,Middle East and Northern Africa,2015,108,4.715,0.599,0.926,0.66,0.245,0.129,0.113,
Panama,Latin America and Caribbean,2015,25,6.786,1.064,1.199,0.797,0.542,0.093,0.244,
Paraguay,Latin America and Caribbean,2015,53,5.878,0.76,1.305,0.661,0.539,0.082,0.342,
Peru,Latin America and Caribbean,2015,58,5.824,0.9,0.975,0.73,0.415,0.06,0.15,
Philippines,Southeastern Asia,2015,90,5.073,0.705,1.035,0.581,0.625,0.123,0.25,
Poland,Central and Eastern Europe,2015,60,5.791,1.126,1.279,0.779,0.531,0.042,0.168,
Portugal,Western Europe,2015,88,5.102,1.16,1.139,0.875,0.515,0.011,0.137,
Qatar,Middle East and Northern Africa,2015,28,6.611,1.69,1.079,0.797,0.64,0.522,0.326,
Romania,Central and Eastern Europe,2015,86,5.124,1.043,0.886,0.769,0.351,0.006,0.137,
Russia,Central and Eastern Europe,2015,64,5.716,1.138,1.236,0.669,0.367,0.03,0.002,
Rwanda,Sub-Saharan Africa,2015,154,3.465,0.222,0.774,0.429,0.592,0.552,0.226,
Saudi Arabia,Middle East and Northern Africa,2015,35,6.411,1.395,1.084,0.72,0.31,0.325,0.137,
Senegal,Sub-Saharan Africa,2015,142,3.904,0.365,0.976,0.435,0.368,0.107,0.208,
Serbia,Central and Eastern Europe,2015,87,5.123,0.921,1.01,0.748,0.201,0.026,0.192,
Sierra Leone,Sub-Saharan Africa,2015,123,4.507,0.33,0.956,0,0.408,0.088,0.215,
Singapore,Southeastern Asia,2015,24,6.798,1.522,1.02,1.025,0.543,0.492,0.311,
Slovakia,Central and Eastern Europe,2015,45,5.995,1.169,1.27,0.789,0.318,0.034,0.169,
Slovenia,Central and Eastern Europe,2015,55,5.848,1.185,1.274,0.873,0.609,0.038,0.253,
Somaliland region,Sub-Saharan Africa,2015,91,5.057,0.188,0.952,0.439,0.466,0.399,0.503,
South Africa,Sub-Saharan Africa,2015,113,4.642,0.92,1.185,0.277,0.332,0.089,0.12,
South Korea,Eastern Asia,2015,47,5.984,1.245,0.958,0.965,0.332,0.079,0.186,
Spain,Western Europe,2015,36,6.329,1.23,1.314,0.956,0.46,0.064,0.182,
Sri Lanka,Southern Asia,2015,132,4.271,0.835,1.019,0.708,0.537,0.092,0.408,
Sudan,Sub-Saharan Africa,2015,118,4.55,0.521,1.014,0.369,0.101,0.147,0.191,
Suriname,Latin America and Caribbean,2015,40,6.269,0.995,0.972,0.608,0.597,0.136,0.17,
Swaziland,Sub-Saharan Africa,2015,101,4.867,0.712,1.073,0.076,0.307,0.031,0.183,
Sweden,Western Europe,2015,8,7.364,1.332,1.289,0.911,0.66,0.438,0.363,
Switzerland,Western Europe,2015,1,7.587,1.397,1.35,0.941,0.666,0.42,0.297,
Syria,Middle East and Northern Africa,2015,156,3.006,0.663,0.475,0.722,0.157,0.189,0.472,
Taiwan,Eastern Asia,2015,38,6.298,1.291,1.076,0.875,0.397,0.081,0.254,
Tajikistan,Central and Eastern Europe,2015,106,4.786,0.39,0.856,0.574,0.472,0.151,0.23,
Tanzania,Sub-Saharan Africa,2015,146,3.781,0.285,1.003,0.382,0.329,0.057,0.344,
Thailand,Southeastern Asia,2015,34,6.455,0.967,1.265,0.739,0.557,0.032,0.576,
Togo,Sub-Saharan Africa,2015,158,2.839,0.209,0.14,0.284,0.365,0.107,0.167,
Trinidad and Tobago,Latin America and Caribbean,2015,41,6.168,1.212,1.184,0.615,0.559,0.011,0.318,
Tunisia,Middle East and Northern Africa,2015,107,4.739,0.881,0.604,0.738,0.263,0.064,0.064,
Turkey,Middle East and Northern Africa,2015,76,5.332,1.061,0.946,0.732,0.228,0.157,0.123,
Turkmenistan,Central and Eastern Europe,2015,70,5.548,0.958,1.227,0.539,0.476,0.308,0.17,
Uganda,Sub-Saharan Africa,2015,141,3.931,0.211,1.133,0.339,0.457,0.073,0.291,
Ukraine,Central and Eastern Europe,2015,111,4.681,0.799,1.203,0.674,0.251,0.03,0.153,
United Arab Emirates,Middle East and Northern Africa,2015,20,6.901,1.427,1.126,0.809,0.642,0.386,0.264,
United Kingdom,Western Europe,2015,21,6.867,1.266,1.285,0.909,0.596,0.321,0.519,
United States of America,North America,2015,15,7.119,1.395,1.247,0.862,0.546,0.159,0.401,
Uruguay,Latin America and Caribbean,2015,32,6.485,1.062,1.209,0.812,0.604,0.246,0.232,
Uzbekistan,Central and Eastern Europe,2015,44,6.003,0.632,1.34,0.598,0.658,0.308,0.228,
Venezuela,Latin America and Caribbean,2015,23,6.81,1.044,1.256,0.721,0.429,0.111,0.058,
Vietnam,Southeastern Asia,2015,75,5.36,0.632,0.912,0.747,0.594,0.104,0.169,
Yemen,Middle East and Northern Africa,2015,136,4.077,0.546,0.681,0.401,0.356,0.079,0.091,
Zambia,Sub-Saharan Africa,2015,85,5.129,0.47,0.916,0.299,0.488,0.125,0.196,
Zimbabwe,Sub-Saharan Africa,2015,115,4.61,0.271,1.033,0.335,0.259,0.081,0.19,
Afghanistan,Southern Asia,2016,154,3.36,0.382,0.11,0.173,0.164,0.071,0.313,
Albania,Central and Eastern Europe,2016,109,4.655,0.955,0.502,0.73,0.319,0.053,0.168,
Algeria,Middle East and Northern Africa,2016,38,6.355,1.053,0.833,0.618,0.21,0.162,0.07,
Angola,Sub-Saharan Africa,2016,141,3.866,0.847,0.664,0.05,0.006,0.084,0.121,
Argentina,Latin America and Caribbean,2016,26,6.65,1.151,1.066,0.697,0.423,0.073,0.11,
Armenia,Central and Eastern Europe,2016,121,4.36,0.861,0.625,0.641,0.14,0.036,0.078,
Australia,Australia and New Zealand,2016,9,7.313,1.444,1.105,0.851,0.568,0.323,0.474,
Austria,Western Europe,2016,12,7.119,1.45,1.084,0.806,0.544,0.213,0.329,
Azerbaijan,Central and Eastern Europe,2016,81,5.291,1.124,0.76,0.545,0.353,0.179,0.056,
Bahrain,Middle East and Northern Africa,2016,42,6.218,1.44,0.944,0.657,0.474,0.258,0.171,
Bangladesh,Southern Asia,2016,110,4.643,0.542,0.247,0.53,0.398,0.126,0.191,
Belarus,Central and Eastern Europe,2016,61,5.802,1.131,1.05,0.631,0.291,0.175,0.139,
Belgium,Western Europe,2016,18,6.929,1.425,1.052,0.82,0.514,0.262,0.242,
Belize,Latin America and Caribbean,2016,52,5.956,0.876,0.687,0.456,0.512,0.108,0.237,
Benin,Sub-Saharan Africa,2016,153,3.484,0.395,0.104,0.21,0.397,0.067,0.202,
Bhutan,Southern Asia,2016,84,5.196,0.853,0.908,0.498,0.461,0.162,0.485,
Bolivia,Latin America and Caribbean,2016,59,5.822,0.794,0.838,0.47,0.51,0.077,0.217,
Bosnia and Herzegovina,Central and Eastern Europe,2016,87,5.163,0.934,0.644,0.708,0.095,0,0.299,
Botswana,Sub-Saharan Africa,2016,137,3.974,1.094,0.892,0.348,0.441,0.108,0.124,
Brazil,Latin America and Caribbean,2016,17,6.952,1.088,1.039,0.614,0.404,0.142,0.158,
Bulgaria,Central and Eastern Europe,2016,129,4.217,1.113,0.925,0.678,0.212,0.006,0.128,
Burkina Faso,Sub-Saharan Africa,2016,145,3.739,0.32,0.631,0.213,0.334,0.125,0.244,
Burundi,Sub-Saharan Africa,2016,157,2.905,0.068,0.234,0.157,0.043,0.094,0.203,
Cambodia,Southeastern Asia,2016,140,3.907,0.556,0.538,0.425,0.589,0.081,0.403,
Cameroon,Sub-Saharan Africa,2016,114,4.513,0.525,0.625,0.127,0.427,0.061,0.227,
Canada,North America,2016,6,7.404,1.44,1.096,0.828,0.574,0.313,0.448,
Chad,Sub-Saharan Africa,2016,144,3.763,0.422,0.632,0.038,0.128,0.05,0.187,
Chile,Latin America and Caribbean,2016,24,6.705,1.217,0.906,0.819,0.378,0.115,0.316,
China,Eastern Asia,2016,83,5.245,1.028,0.794,0.736,0.44,0.027,0.05,
Colombia,Latin America and Caribbean,2016,31,6.481,1.03,1.022,0.597,0.447,0.054,0.156,
Comoros,Sub-Saharan Africa,2016,138,3.956,0.275,0.603,0.3,0.154,0.184,0.183,
Congo (Brazzaville),Sub-Saharan Africa,2016,127,4.236,0.771,0.478,0.282,0.379,0.098,0.121,
Congo (Kinshasa),Sub-Saharan Africa,2016,125,4.272,0.057,0.807,0.188,0.156,0.061,0.255,
Costa Rica,Latin America and Caribbean,2016,14,7.087,1.069,1.022,0.761,0.552,0.105,0.226,
Croatia,Central and Eastern Europe,2016,74,5.488,1.186,0.608,0.705,0.239,0.04,0.184,
Cyprus,Western Europe,2016,69,5.546,1.319,0.707,0.849,0.295,0.052,0.279,
Czech Republic,Central and Eastern Europe,2016,27,6.596,1.309,1.008,0.764,0.414,0.04,0.099,
Denmark,Western Europe,2016,1,7.526,1.442,1.164,0.795,0.579,0.445,0.362,
Dominican Republic,Latin America and Caribbean,2016,89,5.155,1.028,0.995,0.577,0.523,0.124,0.213,
Ecuador,Latin America and Caribbean,2016,51,5.976,0.973,0.86,0.686,0.403,0.18,0.101,
Egypt,Middle East and Northern Africa,2016,120,4.362,0.954,0.498,0.521,0.188,0.104,0.127,
El Salvador,Latin America and Caribbean,2016,46,6.068,0.874,0.81,0.596,0.373,0.106,0.089,
Estonia,Central and Eastern Europe,2016,72,5.517,1.28,1.052,0.681,0.415,0.185,0.084,
Ethiopia,Sub-Saharan Africa,2016,115,4.508,0.293,0.379,0.346,0.367,0.172,0.295,
Finland,Western Europe,2016,5,7.413,1.406,1.135,0.811,0.571,0.41,0.255,
France,Western Europe,2016,32,6.478,1.395,1.005,0.838,0.466,0.178,0.122,
Gabon,Sub-Saharan Africa,2016,134,4.121,1.159,0.724,0.349,0.281,0.093,0.062,
Georgia,Central and Eastern Europe,2016,126,4.252,0.838,0.192,0.64,0.325,0.319,0.068,
Germany,Western Europe,2016,16,6.994,1.448,1.098,0.815,0.535,0.286,0.305,
Ghana,Sub-Saharan Africa,2016,124,4.276,0.631,0.494,0.297,0.41,0.033,0.212,
Greece,Western Europe,2016,99,5.033,1.249,0.755,0.8,0.058,0.041,0,
Guatemala,Latin America and Caribbean,2016,39,6.324,0.835,0.871,0.54,0.504,0.087,0.288,
Guinea,Sub-Saharan Africa,2016,151,3.607,0.224,0.311,0.188,0.31,0.119,0.299,
Haiti,Latin America and Caribbean,2016,136,4.028,0.341,0.296,0.275,0.121,0.145,0.48,
Honduras,Latin America and Caribbean,2016,104,4.871,0.694,0.756,0.584,0.268,0.069,0.204,
Hong Kong,Eastern Asia,2016,75,5.458,1.511,0.87,0.953,0.481,0.316,0.401,
Hungary,Central and Eastern Europe,2016,91,5.145,1.241,0.932,0.676,0.198,0.045,0.099,
Iceland,Western Europe,2016,3,7.501,1.427,1.183,0.867,0.566,0.15,0.477,
India,Southern Asia,2016,118,4.404,0.74,0.292,0.451,0.403,0.087,0.25,
Indonesia,Southeastern Asia,2016,79,5.314,0.951,0.876,0.494,0.392,0.003,0.565,
Iran,Middle East and Northern Africa,2016,105,4.813,1.118,0.389,0.642,0.225,0.056,0.385,
Iraq,Middle East and Northern Africa,2016,112,4.575,1.075,0.592,0.511,0.249,0.136,0.196,
Ireland,Western Europe,2016,19,6.907,1.483,1.162,0.815,0.54,0.298,0.45,
Israel,Middle East and Northern Africa,2016,11,7.267,1.338,0.995,0.849,0.364,0.087,0.323,
Italy,Western Europe,2016,50,5.977,1.355,1.042,0.851,0.188,0.026,0.167,
Ivory Coast,Sub-Saharan Africa,2016,139,3.916,0.555,0.576,0.045,0.407,0.155,0.203,
Jamaica,Latin America and Caribbean,2016,73,5.51,0.893,0.964,0.595,0.436,0.043,0.222,
Japan,Eastern Asia,2016,53,5.921,1.38,1.061,0.915,0.468,0.19,0.102,
Jordan,Middle East and Northern Africa,2016,80,5.303,0.997,0.862,0.607,0.36,0.133,0.143,
Kazakhstan,Central and Eastern Europe,2016,54,5.919,1.229,0.955,0.574,0.405,0.111,0.15,
Kenya,Sub-Saharan Africa,2016,122,4.356,0.523,0.762,0.301,0.406,0.067,0.413,
Kosovo,Central and Eastern Europe,2016,77,5.401,0.901,0.661,0.54,0.144,0.065,0.28,
Kuwait,Middle East and Northern Africa,2016,41,6.239,1.617,0.878,0.636,0.432,0.237,0.16,
Kyrgyzstan,Central and Eastern Europe,2016,85,5.185,0.56,0.954,0.554,0.402,0.048,0.384,
Laos,Southeastern Asia,2016,102,4.876,0.68,0.55,0.383,0.522,0.224,0.431,
Latvia,Central and Eastern Europe,2016,68,5.56,1.218,0.95,0.64,0.28,0.089,0.174,
Lebanon,Middle East and Northern Africa,2016,93,5.129,1.123,0.642,0.762,0.262,0.031,0.237,
Liberia,Sub-Saharan Africa,2016,150,3.622,0.107,0.504,0.232,0.257,0.049,0.241,
Libya,Middle East and Northern Africa,2016,67,5.615,1.067,0.951,0.523,0.407,0.103,0.171,
Lithuania,Central and Eastern Europe,2016,60,5.813,1.269,1.064,0.647,0.189,0.018,0.02,
Luxembourg,Western Europe,2016,20,6.871,1.698,1.04,0.845,0.549,0.353,0.276,
Macedonia,Central and Eastern Europe,2016,95,5.121,1.019,0.782,0.647,0.277,0.07,0.235,
Madagascar,Sub-Saharan Africa,2016,148,3.695,0.28,0.461,0.371,0.137,0.075,0.22,
Malawi,Sub-Saharan Africa,2016,132,4.156,0.087,0.147,0.294,0.414,0.076,0.31,
Malaysia,Southeastern Asia,2016,47,6.005,1.251,0.88,0.624,0.39,0.091,0.415,
Mali,Sub-Saharan Africa,2016,135,4.073,0.313,0.863,0.163,0.275,0.136,0.211,
Malta,Western Europe,2016,30,6.488,1.308,1.099,0.803,0.55,0.176,0.562,
Mauritania,Sub-Saharan Africa,2016,130,4.201,0.614,0.841,0.286,0.127,0.18,0.227,
Mauritius,Sub-Saharan Africa,2016,66,5.648,1.144,0.757,0.662,0.461,0.052,0.37,
Mexico,Latin America and Caribbean,2016,21,6.778,1.115,0.715,0.711,0.377,0.184,0.117,
Moldova,Central and Eastern Europe,2016,55,5.897,0.692,0.831,0.523,0.252,0.019,0.2,
Mongolia,Eastern Asia,2016,101,4.907,0.989,1.09,0.555,0.36,0.033,0.345,
Montenegro,Central and Eastern Europe,2016,88,5.161,1.078,0.742,0.635,0.151,0.127,0.172,
Morocco,Middle East and Northern Africa,2016,90,5.151,0.841,0.386,0.595,0.256,0.084,0.041,
Myanmar,Southeastern Asia,2016,119,4.395,0.341,0.7,0.399,0.427,0.202,0.82,
Namibia,Sub-Saharan Africa,2016,113,4.574,0.933,0.704,0.347,0.486,0.104,0.078,
Nepal,Southern Asia,2016,107,4.793,0.446,0.697,0.501,0.37,0.07,0.382,
Netherlands,Western Europe,2016,7,7.339,1.465,1.029,0.812,0.552,0.299,0.474,
New Zealand,Australia and New Zealand,2016,8,7.334,1.361,1.173,0.831,0.581,0.419,0.494,
Nicaragua,Latin America and Caribbean,2016,48,5.992,0.694,0.895,0.652,0.466,0.163,0.298,
Niger,Sub-Saharan Africa,2016,142,3.856,0.133,0.605,0.262,0.38,0.172,0.21,
Nigeria,Sub-Saharan Africa,2016,103,4.875,0.752,0.645,0.051,0.279,0.031,0.232,
North Cyprus,Western Europe,2016,62,5.771,1.311,0.818,0.841,0.436,0.166,0.263,
Norway,Western Europe,2016,4,7.498,1.577,1.127,0.796,0.596,0.358,0.379,
Pakistan,Southern Asia,2016,92,5.132,0.688,0.261,0.403,0.146,0.139,0.312,
Palestinian Territories,Middle East and Northern Africa,2016,108,4.754,0.67,0.716,0.568,0.177,0.106,0.112,
Panama,Latin America and Caribbean,2016,25,6.701,1.183,0.989,0.708,0.489,0.084,0.242,
Paraguay,Latin America and Caribbean,2016,70,5.538,0.894,1.111,0.583,0.462,0.074,0.253,
Peru,Latin America and Caribbean,2016,64,5.743,0.996,0.813,0.63,0.375,0.053,0.145,
Philippines,Southeastern Asia,2016,82,5.279,0.812,0.879,0.47,0.549,0.118,0.217,
Poland,Central and Eastern Europe,2016,57,5.835,1.246,1.047,0.691,0.452,0.055,0.144,
Portugal,Western Europe,2016,94,5.123,1.276,0.944,0.794,0.447,0.015,0.117,
Puerto Rico,Latin America and Caribbean,2016,15,7.039,1.359,1.081,0.778,0.468,0.123,0.222,
Qatar,Middle East and Northern Africa,2016,36,6.375,1.824,0.88,0.717,0.567,0.48,0.324,
Romania,Central and Eastern Europe,2016,71,5.528,1.17,0.728,0.676,0.367,0.007,0.129,
Russia,Central and Eastern Europe,2016,56,5.856,1.232,1.053,0.59,0.327,0.036,0.027,
Rwanda,Sub-Saharan Africa,2016,152,3.515,0.328,0.616,0.319,0.543,0.505,0.236,
Saudi Arabia,Middle East and Northern Africa,2016,34,6.379,1.49,0.848,0.593,0.379,0.3,0.155,
Senegal,Sub-Saharan Africa,2016,128,4.219,0.443,0.774,0.405,0.311,0.117,0.191,
Serbia,Central and Eastern Europe,2016,86,5.177,1.034,0.813,0.646,0.157,0.043,0.207,
Sierra Leone,Sub-Saharan Africa,2016,111,4.635,0.365,0.628,0,0.307,0.082,0.239,
Singapore,Southeastern Asia,2016,22,6.739,1.646,0.868,0.947,0.488,0.47,0.327,
Slovakia,Central and Eastern Europe,2016,45,6.078,1.28,1.083,0.704,0.234,0.029,0.138,
Slovenia,Central and Eastern Europe,2016,63,5.768,1.299,1.056,0.792,0.532,0.036,0.257,
Somalia,Sub-Saharan Africa,2016,76,5.44,0,0.336,0.115,0.568,0.312,0.272,
Somaliland Region,Sub-Saharan Africa,2016,97,5.057,0.256,0.759,0.331,0.391,0.368,0.515,
South Africa,Sub-Saharan Africa,2016,116,4.459,1.024,0.961,0.186,0.425,0.084,0.137,
South Korea,Eastern Asia,2016,57,5.835,1.359,0.722,0.886,0.252,0.077,0.188,
South Sudan,Sub-Saharan Africa,2016,143,3.832,0.394,0.185,0.158,0.197,0.13,0.259,
Spain,Western Europe,2016,37,6.361,1.343,1.129,0.879,0.375,0.061,0.177,
Sri Lanka,Southern Asia,2016,117,4.415,0.973,0.848,0.62,0.508,0.08,0.47,
Sudan,Sub-Saharan Africa,2016,133,4.139,0.631,0.819,0.298,0,0.1,0.181,
Suriname,Latin America and Caribbean,2016,40,6.269,1.097,0.779,0.509,0.522,0.127,0.167,
Sweden,Western Europe,2016,10,7.291,1.452,1.088,0.831,0.582,0.409,0.383,
Switzerland,Western Europe,2016,2,7.509,1.527,1.145,0.863,0.586,0.412,0.281,
Syria,Middle East and Northern Africa,2016,156,3.069,0.747,0.149,0.63,0.069,0.172,0.484,
Taiwan,Eastern Asia,2016,34,6.379,1.397,0.926,0.796,0.324,0.066,0.255,
Tajikistan,Central and Eastern Europe,2016,100,4.996,0.488,0.756,0.531,0.434,0.135,0.26,
Tanzania,Sub-Saharan Africa,2016,149,3.666,0.472,0.776,0.357,0.318,0.051,0.315,
Thailand,Southeastern Asia,2016,33,6.474,1.089,1.045,0.649,0.496,0.028,0.587,
Togo,Sub-Saharan Africa,2016,155,3.303,0.281,0,0.248,0.347,0.116,0.175,
Trinidad and Tobago,Latin America and Caribbean,2016,43,6.168,1.326,0.986,0.526,0.485,0.012,0.319,
Tunisia,Middle East and Northern Africa,2016,98,5.045,0.977,0.432,0.596,0.236,0.082,0.039,
Turkey,Middle East and Northern Africa,2016,78,5.389,1.165,0.877,0.647,0.239,0.123,0.047,
Turkmenistan,Central and Eastern Europe,2016,65,5.658,1.08,1.038,0.44,0.374,0.285,0.226,
Uganda,Sub-Saharan Africa,2016,145,3.739,0.347,0.91,0.196,0.437,0.064,0.271,
Ukraine,Central and Eastern Europe,2016,123,4.324,0.873,1.014,0.586,0.129,0.018,0.204,
United Arab Emirates,Middle East and Northern Africa,2016,28,6.573,1.574,0.871,0.73,0.562,0.356,0.266,
United Kingdom,Western Europe,2016,23,6.725,1.403,1.087,0.81,0.5,0.274,0.502,
United States of America,North America,2016,13,7.104,1.508,1.048,0.779,0.482,0.149,0.411,
Uruguay,Latin America and Caribbean,2016,29,6.545,1.182,1.031,0.722,0.544,0.214,0.181,
Uzbekistan,Central and Eastern Europe,2016,49,5.987,0.736,1.168,0.502,0.608,0.283,0.343,
Venezuela,Latin America and Caribbean,2016,44,6.084,1.134,1.033,0.619,0.198,0.083,0.043,
Vietnam,Southeastern Asia,2016,96,5.061,0.74,0.791,0.662,0.56,0.116,0.251,
Yemen,Middle East and Northern Africa,2016,147,3.724,0.579,0.475,0.31,0.229,0.059,0.098,
Zambia,Sub-Saharan Africa,2016,106,4.795,0.612,0.638,0.236,0.427,0.115,0.179,
Zimbabwe,Sub-Saharan Africa,2016,131,4.193,0.35,0.715,0.16,0.254,0.086,0.185,
Afghanistan,Southern Asia,2017,141,3.794,0.401,0.582,0.181,0.106,0.061,0.312,
Albania,Central and Eastern Europe,2017,109,4.644,0.996,0.804,0.731,0.381,0.04,0.201,
Algeria,Middle East and Northern Africa,2017,53,5.872,1.092,1.146,0.618,0.233,0.146,0.069,
Angola,Sub-Saharan Africa,2017,140,3.795,0.858,1.104,0.05,0,0.07,0.098,
Argentina,Latin America and Caribbean,2017,24,6.599,1.185,1.44,0.695,0.495,0.06,0.109,
Armenia,Central and Eastern Europe,2017,121,4.376,0.901,1.007,0.638,0.198,0.027,0.083,
Australia,Australia and New Zealand,2017,10,7.284,1.484,1.51,0.844,0.602,0.301,0.478,
Austria,Western Europe,2017,13,7.006,1.487,1.46,0.815,0.568,0.221,0.316,
Azerbaijan,Central and Eastern Europe,2017,85,5.234,1.154,1.152,0.541,0.398,0.181,0.045,
Bahrain,Middle East and Northern Africa,2017,41,6.087,1.488,1.323,0.653,0.537,0.257,0.173,
Bangladesh,Southern Asia,2017,110,4.608,0.587,0.735,0.533,0.478,0.124,0.172,
Belarus,Central and Eastern Europe,2017,67,5.569,1.157,1.445,0.638,0.295,0.156,0.155,
Belgium,Western Europe,2017,17,6.891,1.464,1.462,0.818,0.54,0.251,0.232,
Belize,Latin America and Caribbean,2017,50,5.956,0.908,1.081,0.45,0.548,0.097,0.24,
Benin,Sub-Saharan Africa,2017,143,3.657,0.431,0.435,0.21,0.426,0.061,0.208,
Bhutan,Southern Asia,2017,97,5.011,0.885,1.34,0.496,0.502,0.173,0.474,
Bolivia,Latin America and Caribbean,2017,58,5.823,0.834,1.228,0.474,0.559,0.06,0.226,
Bosnia and Herzegovina,Central and Eastern Europe,2017,90,5.182,0.982,1.069,0.705,0.204,0,0.329,
Botswana,Sub-Saharan Africa,2017,142,3.766,1.122,1.222,0.342,0.505,0.099,0.099,
Brazil,Latin America and Caribbean,2017,22,6.635,1.107,1.431,0.617,0.437,0.111,0.162,
Bulgaria,Central and Eastern Europe,2017,105,4.714,1.161,1.434,0.708,0.289,0.011,0.113,
Burkina Faso,Sub-Saharan Africa,2017,134,4.032,0.35,1.043,0.216,0.324,0.12,0.251,
Burundi,Sub-Saharan Africa,2017,154,2.905,0.092,0.63,0.152,0.06,0.084,0.204,
Cambodia,Southeastern Asia,2017,129,4.168,0.602,1.006,0.43,0.633,0.068,0.386,
Cameroon,Sub-Saharan Africa,2017,107,4.695,0.564,0.946,0.133,0.43,0.051,0.236,
Canada,North America,2017,7,7.316,1.479,1.481,0.835,0.611,0.287,0.436,
Central African Republic,Sub-Saharan Africa,2017,155,2.693,0,0,0.019,0.271,0.057,0.281,
Chad,Sub-Saharan Africa,2017,137,3.936,0.438,0.954,0.041,0.162,0.054,0.216,
Chile,Latin America and Caribbean,2017,20,6.652,1.253,1.284,0.819,0.377,0.082,0.327,
China,Eastern Asia,2017,79,5.273,1.081,1.161,0.741,0.473,0.023,0.029,
Colombia,Latin America and Caribbean,2017,36,6.357,1.071,1.402,0.595,0.477,0.047,0.149,
Congo (Brazzaville),Sub-Saharan Africa,2017,124,4.291,0.809,0.832,0.29,0.435,0.08,0.121,
Congo (Kinshasa),Sub-Saharan Africa,2017,126,4.28,0.092,1.229,0.191,0.236,0.06,0.246,
Costa Rica,Latin America and Caribbean,2017,12,7.079,1.11,1.416,0.76,0.58,0.1,0.215,
Croatia,Central and Eastern Europe,2017,77,5.293,1.223,0.968,0.701,0.256,0.043,0.248,
Cyprus,Western Europe,2017,65,5.621,1.356,1.131,0.845,0.355,0.041,0.271,
Czech Republic,Central and Eastern Europe,2017,23,6.609,1.353,1.434,0.754,0.491,0.037,0.088,
Denmark,Western Europe,2017,2,7.522,1.482,1.551,0.793,0.626,0.401,0.355,
Dominican Republic,Latin America and Caribbean,2017,86,5.23,1.079,1.402,0.575,0.553,0.114,0.187,
Ecuador,Latin America and Caribbean,2017,44,6.008,1.001,1.286,0.686,0.455,0.14,0.15,
Egypt,Middle East and Northern Africa,2017,104,4.735,0.99,0.997,0.52,0.282,0.114,0.129,
El Salvador,Latin America and Caribbean,2017,45,6.003,0.91,1.182,0.596,0.432,0.09,0.078,
Estonia,Central and Eastern Europe,2017,66,5.611,1.321,1.477,0.695,0.479,0.183,0.099,
Ethiopia,Sub-Saharan Africa,2017,119,4.46,0.339,0.865,0.353,0.409,0.165,0.313,
Finland,Western Europe,2017,5,7.469,1.444,1.54,0.809,0.618,0.383,0.245,
France,Western Europe,2017,31,6.442,1.431,1.388,0.844,0.47,0.173,0.13,
Gabon,Sub-Saharan Africa,2017,118,4.465,1.198,1.156,0.357,0.312,0.076,0.044,
Georgia,Central and Eastern Europe,2017,125,4.286,0.951,0.571,0.65,0.309,0.252,0.054,
Germany,Western Europe,2017,16,6.951,1.488,1.473,0.799,0.563,0.277,0.336,
Ghana,Sub-Saharan Africa,2017,131,4.12,0.667,0.874,0.296,0.423,0.025,0.257,
Greece,Western Europe,2017,87,5.227,1.289,1.239,0.81,0.096,0.043,0,
Guatemala,Latin America and Caribbean,2017,29,6.454,0.872,1.256,0.54,0.531,0.077,0.283,
Guinea,Sub-Saharan Africa,2017,149,3.507,0.245,0.791,0.194,0.349,0.111,0.265,
Haiti,Latin America and Caribbean,2017,145,3.603,0.369,0.64,0.277,0.03,0.1,0.489,
Honduras,Latin America and Caribbean,2017,91,5.181,0.731,1.144,0.583,0.348,0.073,0.236,
"Hong Kong S.A.R., China",Eastern Asia,2017,71,5.472,1.552,1.263,0.943,0.491,0.294,0.374,
Hungary,Central and Eastern Europe,2017,75,5.324,1.286,1.343,0.688,0.176,0.037,0.078,
Iceland,Western Europe,2017,3,7.504,1.481,1.611,0.834,0.627,0.154,0.476,
India,Southern Asia,2017,122,4.315,0.792,0.754,0.455,0.47,0.092,0.232,
Indonesia,Southeastern Asia,2017,81,5.262,0.996,1.274,0.492,0.443,0.015,0.612,
Iran,Middle East and Northern Africa,2017,108,4.692,1.157,0.712,0.639,0.249,0.049,0.387,
Iraq,Middle East and Northern Africa,2017,117,4.497,1.103,0.979,0.501,0.289,0.107,0.2,
Ireland,Western Europe,2017,15,6.977,1.536,1.558,0.81,0.573,0.298,0.428,
Israel,Middle East and Northern Africa,2017,11,7.213,1.375,1.376,0.838,0.406,0.085,0.33,
Italy,Western Europe,2017,48,5.964,1.395,1.445,0.853,0.256,0.028,0.173,
Ivory Coast,Sub-Saharan Africa,2017,128,4.18,0.603,0.905,0.049,0.448,0.13,0.201,
Jamaica,Latin America and Caribbean,2017,76,5.311,0.926,1.368,0.641,0.474,0.055,0.234,
Japan,Eastern Asia,2017,51,5.92,1.417,1.436,0.913,0.506,0.164,0.121,
Jordan,Middle East and Northern Africa,2017,74,5.336,0.991,1.239,0.605,0.418,0.12,0.172,
Kazakhstan,Central and Eastern Europe,2017,60,5.819,1.285,1.384,0.606,0.437,0.119,0.202,
Kenya,Sub-Saharan Africa,2017,112,4.553,0.56,1.068,0.31,0.453,0.065,0.445,
Kosovo,Central and Eastern Europe,2017,78,5.279,0.951,1.138,0.541,0.26,0.057,0.32,
Kuwait,Middle East and Northern Africa,2017,39,6.105,1.633,1.26,0.632,0.496,0.215,0.228,
Kyrgyzstan,Central and Eastern Europe,2017,98,5.004,0.596,1.394,0.553,0.455,0.039,0.429,
Latvia,Central and Eastern Europe,2017,54,5.85,1.261,1.405,0.639,0.326,0.074,0.153,
Lebanon,Middle East and Northern Africa,2017,88,5.225,1.075,1.13,0.735,0.289,0.038,0.264,
Lesotho,Sub-Saharan Africa,2017,139,3.808,0.521,1.19,0,0.391,0.119,0.157,
Liberia,Sub-Saharan Africa,2017,148,3.533,0.119,0.872,0.23,0.333,0.039,0.267,
Libya,Middle East and Northern Africa,2017,68,5.525,1.102,1.358,0.52,0.466,0.093,0.152,
Lithuania,Central and Eastern Europe,2017,52,5.902,1.315,1.474,0.629,0.234,0.012,0.01,
Luxembourg,Western Europe,2017,18,6.863,1.742,1.458,0.845,0.597,0.319,0.283,
Macedonia,Central and Eastern Europe,2017,92,5.175,1.065,1.208,0.645,0.326,0.06,0.254,
Madagascar,Sub-Saharan Africa,2017,144,3.644,0.306,0.913,0.375,0.189,0.067,0.209,
Malawi,Sub-Saharan Africa,2017,136,3.97,0.233,0.513,0.315,0.467,0.073,0.287,
Malaysia,Southeastern Asia,2017,42,6.084,1.291,1.285,0.619,0.402,0.066,0.417,
Mali,Sub-Saharan Africa,2017,127,4.19,0.476,1.281,0.169,0.307,0.105,0.183,
Malta,Western Europe,2017,27,6.527,1.343,1.488,0.822,0.589,0.153,0.575,
Mauritania,Sub-Saharan Africa,2017,123,4.292,0.648,1.272,0.285,0.096,0.137,0.202,
Mauritius,Sub-Saharan Africa,2017,64,5.629,1.189,1.21,0.638,0.491,0.042,0.361,
Mexico,Latin America and Caribbean,2017,25,6.578,1.153,1.211,0.71,0.413,0.133,0.121,
Moldova,Central and Eastern Europe,2017,56,5.838,0.729,1.252,0.589,0.241,0.01,0.209,
Mongolia,Eastern Asia,2017,100,4.955,1.027,1.493,0.558,0.394,0.033,0.338,
Montenegro,Central and Eastern Europe,2017,83,5.237,1.121,1.238,0.667,0.195,0.088,0.198,
Morocco,Middle East and Northern Africa,2017,84,5.235,0.878,0.775,0.598,0.408,0.088,0.032,
Mozambique,Sub-Saharan Africa,2017,113,4.55,0.234,0.871,0.107,0.481,0.179,0.322,
Myanmar,Southeastern Asia,2017,114,4.545,0.367,1.123,0.398,0.514,0.189,0.838,
Namibia,Sub-Saharan Africa,2017,111,4.574,0.964,1.098,0.339,0.52,0.093,0.077,
Nepal,Southern Asia,2017,99,4.962,0.48,1.179,0.504,0.44,0.073,0.394,
Netherlands,Western Europe,2017,6,7.377,1.504,1.429,0.811,0.585,0.283,0.47,
New Zealand,Australia and New Zealand,2017,8,7.314,1.406,1.548,0.817,0.614,0.383,0.5,
Nicaragua,Latin America and Caribbean,2017,43,6.071,0.737,1.287,0.653,0.448,0.131,0.302,
Niger,Sub-Saharan Africa,2017,135,4.028,0.162,0.993,0.269,0.364,0.139,0.229,
Nigeria,Sub-Saharan Africa,2017,95,5.074,0.784,1.216,0.057,0.395,0.026,0.231,
North Cyprus,Western Europe,2017,61,5.81,1.347,1.186,0.835,0.471,0.155,0.267,
Norway,Western Europe,2017,1,7.537,1.616,1.534,0.797,0.635,0.316,0.362,
Pakistan,Southern Asia,2017,80,5.269,0.727,0.673,0.402,0.235,0.124,0.315,
Palestinian Territories,Middle East and Northern Africa,2017,103,4.775,0.716,1.156,0.566,0.255,0.089,0.114,
Panama,Latin America and Caribbean,2017,30,6.452,1.234,1.373,0.706,0.55,0.071,0.211,
Paraguay,Latin America and Caribbean,2017,70,5.493,0.933,1.507,0.579,0.474,0.091,0.224,
Peru,Latin America and Caribbean,2017,63,5.715,1.035,1.219,0.63,0.45,0.047,0.127,
Philippines,Southeastern Asia,2017,72,5.43,0.858,1.254,0.468,0.585,0.099,0.194,
Poland,Central and Eastern Europe,2017,46,5.973,1.292,1.446,0.699,0.52,0.059,0.158,
Portugal,Western Europe,2017,89,5.195,1.315,1.367,0.796,0.498,0.016,0.095,
Qatar,Middle East and Northern Africa,2017,35,6.375,1.871,1.274,0.71,0.604,0.439,0.33,
Romania,Central and Eastern Europe,2017,57,5.825,1.218,1.15,0.685,0.457,0.004,0.134,
Russia,Central and Eastern Europe,2017,49,5.963,1.282,1.469,0.547,0.374,0.033,0.052,
Rwanda,Sub-Saharan Africa,2017,151,3.471,0.369,0.946,0.326,0.582,0.455,0.253,
Saudi Arabia,Middle East and Northern Africa,2017,37,6.344,1.531,1.287,0.59,0.45,0.273,0.148,
Senegal,Sub-Saharan Africa,2017,115,4.535,0.479,1.18,0.409,0.378,0.115,0.183,
Serbia,Central and Eastern Europe,2017,73,5.395,1.069,1.258,0.651,0.209,0.041,0.22,
Sierra Leone,Sub-Saharan Africa,2017,106,4.709,0.368,0.984,0.006,0.319,0.071,0.293,
Singapore,Southeastern Asia,2017,26,6.572,1.692,1.354,0.949,0.55,0.464,0.346,
Slovakia,Central and Eastern Europe,2017,40,6.098,1.325,1.505,0.713,0.296,0.024,0.137,
Slovenia,Central and Eastern Europe,2017,62,5.758,1.341,1.453,0.791,0.573,0.045,0.243,
Somalia,Sub-Saharan Africa,2017,93,5.151,0.023,0.721,0.114,0.602,0.282,0.292,
South Africa,Sub-Saharan Africa,2017,101,4.829,1.055,1.385,0.187,0.479,0.073,0.139,
South Korea,Eastern Asia,2017,55,5.838,1.402,1.128,0.9,0.258,0.063,0.207,
South Sudan,Sub-Saharan Africa,2017,147,3.591,0.397,0.601,0.163,0.147,0.117,0.286,
Spain,Western Europe,2017,34,6.403,1.384,1.532,0.889,0.409,0.071,0.19,
Sri Lanka,Southern Asia,2017,120,4.44,1.01,1.26,0.625,0.561,0.074,0.491,
Sudan,Sub-Saharan Africa,2017,130,4.139,0.66,1.214,0.291,0.015,0.09,0.182,
Sweden,Western Europe,2017,9,7.284,1.494,1.478,0.831,0.613,0.384,0.385,
Switzerland,Western Europe,2017,4,7.494,1.565,1.517,0.858,0.62,0.367,0.291,
Syria,Middle East and Northern Africa,2017,152,3.462,0.777,0.396,0.501,0.082,0.151,0.494,
Taiwan Province of China,Eastern Asia,2017,33,6.422,1.434,1.385,0.794,0.361,0.064,0.258,
Tajikistan,Central and Eastern Europe,2017,96,5.041,0.525,1.271,0.529,0.472,0.146,0.249,
Tanzania,Sub-Saharan Africa,2017,153,3.349,0.511,1.042,0.365,0.39,0.066,0.354,
Thailand,Southeastern Asia,2017,32,6.424,1.128,1.426,0.647,0.58,0.032,0.572,
Togo,Sub-Saharan Africa,2017,150,3.495,0.305,0.432,0.247,0.38,0.096,0.197,
Trinidad and Tobago,Latin America and Caribbean,2017,38,6.168,1.361,1.38,0.52,0.519,0.009,0.325,
Tunisia,Middle East and Northern Africa,2017,102,4.805,1.007,0.868,0.613,0.29,0.087,0.05,
Turkey,Middle East and Northern Africa,2017,69,5.5,1.198,1.338,0.638,0.301,0.1,0.047,
Turkmenistan,Central and Eastern Europe,2017,59,5.822,1.131,1.493,0.438,0.418,0.259,0.25,
Uganda,Sub-Saharan Africa,2017,133,4.081,0.381,1.13,0.218,0.443,0.057,0.326,
Ukraine,Central and Eastern Europe,2017,132,4.096,0.895,1.395,0.576,0.123,0.023,0.27,
United Arab Emirates,Middle East and Northern Africa,2017,21,6.648,1.626,1.266,0.727,0.608,0.324,0.361,
United Kingdom,Western Europe,2017,19,6.714,1.442,1.496,0.805,0.508,0.265,0.493,
United States of America,North America,2017,14,6.993,1.546,1.42,0.774,0.506,0.136,0.393,
Uruguay,Latin America and Caribbean,2017,28,6.454,1.218,1.412,0.719,0.579,0.178,0.175,
Uzbekistan,Central and Eastern Europe,2017,47,5.971,0.786,1.549,0.498,0.658,0.247,0.416,
Venezuela,Latin America and Caribbean,2017,82,5.25,1.128,1.431,0.617,0.154,0.064,0.065,
Vietnam,Southeastern Asia,2017,94,5.074,0.789,1.277,0.652,0.571,0.088,0.235,
Yemen,Middle East and Northern Africa,2017,146,3.593,0.592,0.935,0.31,0.249,0.057,0.104,
Zambia,Sub-Saharan Africa,2017,116,4.514,0.636,1.003,0.258,0.462,0.078,0.25,
Zimbabwe,Sub-Saharan Africa,2017,138,3.875,0.376,1.083,0.197,0.336,0.095,0.189,
Afghanistan,Southern Asia,2018,145,3.632,0.332,,0.255,0.085,0.036,0.191,0.537
Albania,Central and Eastern Europe,2018,112,4.586,0.916,,0.79,0.419,0.032,0.149,0.817
Algeria,Middle East and Northern Africa,2018,84,5.295,0.979,,0.687,0.077,0.135,0.055,1.154
Angola,Sub-Saharan Africa,2018,142,3.795,0.73,,0.269,0,0.061,0.079,1.125
Argentina,Latin America and Caribbean,2018,29,6.388,1.073,,0.744,0.57,0.054,0.062,1.468
Armenia,Central and Eastern Europe,2018,129,4.321,0.816,,0.666,0.26,0.028,0.077,0.99
Australia,Australia and New Zealand,2018,10,7.272,1.34,,0.91,0.647,0.302,0.361,1.573
Austria,Western Europe,2018,12,7.139,1.341,,0.891,0.617,0.224,0.242,1.504
Azerbaijan,Central and Eastern Europe,2018,87,5.201,1.024,,0.603,0.43,0.176,0.031,1.161
Bahrain,Middle East and Northern Africa,2018,43,6.105,1.338,,0.698,0.594,0.123,0.243,1.366
Bangladesh,Southern Asia,2018,115,4.5,0.532,,0.579,0.58,0.144,0.153,0.85
Belarus,Central and Eastern Europe,2018,73,5.483,1.039,,0.7,0.307,0.154,0.101,1.498
Belgium,Western Europe,2018,16,6.927,1.324,,0.894,0.583,0.24,0.188,1.483
Belize,Latin America and Caribbean,2018,49,5.956,0.807,,0.474,0.593,0.089,0.183,1.101
Benin,Sub-Saharan Africa,2018,136,4.141,0.378,,0.24,0.44,0.067,0.163,0.372
Bhutan,Southern Asia,2018,97,5.082,0.796,,0.527,0.541,0.171,0.364,1.335
Bolivia,Latin America and Caribbean,2018,62,5.752,0.751,,0.508,0.606,0.054,0.141,1.223
Bosnia and Herzegovina,Central and Eastern Europe,2018,93,5.129,0.915,,0.758,0.28,0,0.216,1.078
Botswana,Sub-Saharan Africa,2018,146,3.59,1.017,,0.417,0.557,0.092,0.042,1.174
Brazil,Latin America and Caribbean,2018,28,6.419,0.986,,0.675,0.493,0.088,0.11,1.474
Bulgaria,Central and Eastern Europe,2018,100,4.933,1.054,,0.712,0.359,0.009,0.064,1.515
Burkina Faso,Sub-Saharan Africa,2018,121,4.424,0.314,,0.254,0.312,0.128,0.175,1.097
Burundi,Sub-Saharan Africa,2018,156,2.905,0.091,,0.145,0.065,0.076,0.149,0.627
Cambodia,Southeastern Asia,2018,120,4.433,0.549,,0.457,0.696,0.065,0.256,1.088
Cameroon,Sub-Saharan Africa,2018,99,4.975,0.535,,0.182,0.454,0.043,0.183,0.891
Canada,North America,2018,7,7.328,1.33,,0.896,0.653,0.291,0.321,1.532
Central African Republic,Sub-Saharan Africa,2018,155,3.083,0.024,,0.01,0.305,0.038,0.218,0
Chad,Sub-Saharan Africa,2018,131,4.301,0.358,,0.053,0.189,0.06,0.181,0.907
Chile,Latin America and Caribbean,2018,25,6.476,1.131,,0.808,0.431,0.061,0.197,1.331
China,Eastern Asia,2018,86,5.246,0.989,,0.799,0.597,0.103,0.029,1.142
Colombia,Latin America and Caribbean,2018,37,6.26,0.96,,0.635,0.531,0.039,0.099,1.439
Congo (Brazzaville),Sub-Saharan Africa,2018,114,4.559,0.682,,0.343,0.514,0.077,0.091,0.811
Congo (Kinshasa),Sub-Saharan Africa,2018,132,4.245,0.069,,0.204,0.312,0.052,0.197,1.136
Costa Rica,Latin America and Caribbean,2018,13,7.072,1.01,1.22,0.817,0.632,0.101,0.143,1.459
Croatia,Central and Eastern Europe,2018,82,5.321,1.115,0.79,0.737,0.38,0.039,0.12,1.161
Cyprus,Western Europe,2018,61,5.762,1.229,0.91,0.909,0.423,0.035,0.202,1.191
Czech Republic,Central and Eastern Europe,2018,21,6.711,1.233,1.22,0.854,0.543,0.034,0.064,1.489
Denmark,Western Europe,2018,3,7.555,1.351,1.36,0.868,0.683,0.408,0.284,1.59
Dominican Republic,Latin America and Caribbean,2018,83,5.302,0.982,1.19,0.614,0.578,0.106,0.12,1.441
Ecuador,Latin America and Caribbean,2018,48,5.973,0.889,1.05,0.736,0.556,0.12,0.114,1.33
Egypt,Middle East and Northern Africa,2018,122,4.419,0.885,0.75,0.553,0.312,0.107,0.092,1.025
El Salvador,Latin America and Caribbean,2018,40,6.167,0.806,1.01,0.639,0.461,0.082,0.065,1.231
Estonia,Central and Eastern Europe,2018,63,5.739,1.2,1.25,0.737,0.553,0.174,0.086,1.532
Ethiopia,Sub-Saharan Africa,2018,127,4.35,0.308,0.62,0.391,0.452,0.146,0.22,0.95
Finland,Western Europe,2018,1,7.632,1.305,1.33,0.874,0.681,0.393,0.202,1.592
France,Western Europe,2018,23,6.489,1.293,1.22,0.908,0.52,0.176,0.098,1.466
Gabon,Sub-Saharan Africa,2018,103,4.758,1.036,0.93,0.404,0.356,0.052,0.032,1.164
Georgia,Central and Eastern Europe,2018,128,4.34,0.853,0.38,0.643,0.375,0.215,0.038,0.592
Germany,Western Europe,2018,15,6.965,1.34,1.29,0.861,0.586,0.28,0.273,1.474
Ghana,Sub-Saharan Africa,2018,108,4.657,0.592,0.68,0.337,0.499,0.029,0.212,0.896
Greece,Western Europe,2018,79,5.358,1.154,0.97,0.879,0.131,0.044,0,1.202
Guatemala,Latin America and Caribbean,2018,30,6.382,0.781,1.06,0.608,0.604,0.071,0.179,1.268
Guinea,Sub-Saharan Africa,2018,140,3.964,0.344,0.52,0.211,0.394,0.094,0.185,0.792
Haiti,Latin America and Caribbean,2018,148,3.582,0.315,0.56,0.289,0.025,0.104,0.392,0.714
Honduras,Latin America and Caribbean,2018,72,5.504,0.62,0.95,0.622,0.459,0.074,0.197,1.205
Hong Kong,Eastern Asia,2018,76,5.43,1.405,0.96,1.03,0.524,0.291,0.246,1.29
Hungary,Central and Eastern Europe,2018,69,5.62,1.171,1.16,0.732,0.259,0.022,0.061,1.401
Iceland,Western Europe,2018,4,7.495,1.343,1.4,0.914,0.677,0.138,0.353,1.644
India,Southern Asia,2018,133,4.19,0.721,0.48,0.485,0.539,0.093,0.172,0.747
Indonesia,Southeastern Asia,2018,96,5.093,0.899,1.08,0.522,0.538,0.018,0.484,1.215
Iran,Middle East and Northern Africa,2018,106,4.707,1.059,0.55,0.691,0.459,0.129,0.282,0.771
Iraq,Middle East and Northern Africa,2018,117,4.456,1.01,0.8,0.536,0.304,0.095,0.148,0.971
Ireland,Western Europe,2018,14,6.977,1.448,1.36,0.876,0.614,0.306,0.307,1.583
Israel,Middle East and Northern Africa,2018,19,6.814,1.301,1.2,0.883,0.533,0.272,0.354,1.559
Italy,Western Europe,2018,47,6,1.264,1.23,0.946,0.281,0.028,0.137,1.501
Ivory Coast,Sub-Saharan Africa,2018,107,4.671,0.541,0.75,0.08,0.467,0.103,0.146,0.872
Jamaica,Latin America and Caribbean,2018,56,5.89,0.819,1.16,0.693,0.575,0.031,0.096,1.493
Japan,Eastern Asia,2018,54,5.915,1.294,1.25,0.988,0.553,0.15,0.079,1.462
Jordan,Middle East and Northern Africa,2018,90,5.161,0.822,1.05,0.645,0.468,0.134,0.13,1.265
Kazakhstan,Central and Eastern Europe,2018,60,5.79,1.143,1.15,0.631,0.454,0.121,0.148,1.516
Kenya,Sub-Saharan Africa,2018,124,4.41,0.493,0.94,0.454,0.504,0.055,0.352,1.048
Kosovo,Central and Eastern Europe,2018,66,5.662,0.855,0.87,0.578,0.448,0.023,0.274,1.23
Kuwait,Middle East and Northern Africa,2018,45,6.083,1.474,1.1,0.675,0.554,0.106,0.167,1.301
Kyrgyzstan,Central and Eastern Europe,2018,92,5.131,0.53,1.17,0.594,0.54,0.035,0.281,1.416
Laos,Southeastern Asia,2018,110,4.623,0.72,0.64,0.441,0.626,0.174,0.23,1.034
Latvia,Central and Eastern Europe,2018,53,5.933,1.148,1.15,0.671,0.363,0.066,0.092,1.454
Lebanon,Middle East and Northern Africa,2018,80,5.358,0.965,0.86,0.785,0.503,0.136,0.214,1.179
Lesotho,Sub-Saharan Africa,2018,141,3.808,0.472,1.12,0.079,0.423,0.112,0.116,1.215
Liberia,Sub-Saharan Africa,2018,149,3.495,0.076,0.72,0.267,0.419,0.03,0.206,0.858
Libya,Middle East and Northern Africa,2018,70,5.566,0.985,1.14,0.553,0.496,0.148,0.116,1.35
Lithuania,Central and Eastern Europe,2018,50,5.952,1.197,1.27,0.716,0.35,0.006,0.026,1.527
Luxembourg,Western Europe,2018,17,6.91,1.576,1.24,0.896,0.632,0.321,0.196,1.52
Macedonia,Central and Eastern Europe,2018,89,5.185,0.959,1,0.691,0.394,0.052,0.173,1.239
Madagascar,Sub-Saharan Africa,2018,143,3.774,0.262,0.68,0.402,0.221,0.049,0.155,0.908
Malawi,Sub-Saharan Africa,2018,147,3.587,0.186,0.36,0.306,0.531,0.08,0.21,0.541
Malaysia,Southeastern Asia,2018,35,6.322,1.161,1.08,0.669,0.356,0.059,0.311,1.258
Mali,Sub-Saharan Africa,2018,118,4.447,0.37,1.06,0.152,0.367,0.056,0.139,1.233
Malta,Western Europe,2018,22,6.627,1.27,1.3,0.884,0.645,0.142,0.376,1.525
Mauritania,Sub-Saharan Africa,2018,126,4.356,0.557,0.99,0.292,0.129,0.093,0.134,1.245
Mauritius,Sub-Saharan Africa,2018,55,5.891,1.09,0.98,0.684,0.584,0.05,0.245,1.387
Mexico,Latin America and Caribbean,2018,24,6.488,1.038,0.95,0.761,0.479,0.095,0.069,1.252
Moldova,Central and Eastern Europe,2018,67,5.64,0.657,1.03,0.62,0.232,0,0.171,1.301
Mongolia,Eastern Asia,2018,94,5.125,0.914,1.29,0.575,0.395,0.032,0.253,1.517
Montenegro,Central and Eastern Europe,2018,81,5.347,1.017,0.96,0.729,0.259,0.081,0.111,1.279
Morocco,Middle East and Northern Africa,2018,85,5.254,0.779,0.6,0.669,0.46,0.074,0.026,0.797
Mozambique,Sub-Saharan Africa,2018,123,4.417,0.198,0.95,0.173,0.531,0.158,0.206,0.902
Myanmar,Southeastern Asia,2018,130,4.308,0.682,0.84,0.429,0.58,0.178,0.598,1.174
Namibia,Sub-Saharan Africa,2018,119,4.441,0.874,0.9,0.365,0.519,0.064,0.051,1.281
Nepal,Southern Asia,2018,101,4.88,0.425,0.91,0.539,0.526,0.078,0.302,1.228
Netherlands,Western Europe,2018,6,7.441,1.361,1.25,0.878,0.638,0.295,0.333,1.488
New Zealand,Australia and New Zealand,2018,8,7.324,1.268,1.35,0.876,0.669,0.389,0.365,1.601
Nicaragua,Latin America and Caribbean,2018,41,6.141,0.668,1.11,0.7,0.527,0.128,0.208,1.319
Niger,Sub-Saharan Africa,2018,134,4.166,0.131,0.79,0.221,0.39,0.099,0.175,0.867
Nigeria,Sub-Saharan Africa,2018,91,5.155,0.689,0.92,0.048,0.462,0.032,0.201,1.172
,,,,,,,,,,,
Norway,Western Europe,2018,2,7.594,1.456,1.33,0.861,0.686,0.34,0.286,1.582
Pakistan,Southern Asia,2018,75,5.472,0.652,0.45,0.424,0.334,0.113,0.216,0.81
Palestinian Territories,Middle East and Northern Africa,2018,104,4.743,0.642,0.93,0.602,0.266,0.076,0.086,1.217
Panama,Latin America and Caribbean,2018,27,6.43,1.112,1.19,0.759,0.597,0.063,0.125,1.438
Paraguay,Latin America and Caribbean,2018,64,5.681,0.835,1.31,0.615,0.541,0.074,0.162,1.522
Peru,Latin America and Caribbean,2018,65,5.663,0.934,1,0.674,0.53,0.034,0.092,1.249
Philippines,Southeastern Asia,2018,71,5.524,0.775,1.06,0.513,0.643,0.105,0.12,1.312
Poland,Central and Eastern Europe,2018,42,6.123,1.176,1.26,0.781,0.546,0.064,0.108,1.448
Portugal,Western Europe,2018,77,5.41,1.188,1.15,0.884,0.562,0.017,0.055,1.429
Qatar,Middle East and Northern Africa,2018,32,6.374,1.649,1.08,0.748,0.654,0.171,0.256,1.303
Romania,Central and Eastern Europe,2018,52,5.945,1.116,0.92,0.726,0.528,0.001,0.088,1.219
Russia,Central and Eastern Europe,2018,59,5.81,1.151,1.25,0.599,0.399,0.025,0.065,1.479
Rwanda,Sub-Saharan Africa,2018,151,3.408,0.332,0.78,0.4,0.636,0.444,0.2,0.896
Saudi Arabia,Middle East and Northern Africa,2018,33,6.371,1.379,1.07,0.633,0.509,0.127,0.098,1.331
Senegal,Sub-Saharan Africa,2018,109,4.631,0.429,0.98,0.433,0.406,0.082,0.138,1.117
Serbia,Central and Eastern Europe,2018,78,5.398,0.975,1.03,0.685,0.288,0.043,0.134,1.369
Sierra Leone,Sub-Saharan Africa,2018,113,4.571,0.256,0.86,0,0.355,0.053,0.238,0.813
Singapore,Southeastern Asia,2018,34,6.343,1.529,1.08,1.008,0.631,0.457,0.261,1.451
Slovakia,Central and Eastern Europe,2018,39,6.173,1.21,1.29,0.776,0.354,0.014,0.118,1.537
Slovenia,Central and Eastern Europe,2018,51,5.948,1.219,1.26,0.856,0.633,0.051,0.16,1.506
Somalia,Sub-Saharan Africa,2018,98,4.982,0,0.53,0.115,0.674,0.282,0.238,0.712
South Africa,Sub-Saharan Africa,2018,105,4.724,0.94,1.18,0.33,0.516,0.056,0.103,1.41
South Korea,Eastern Asia,2018,57,5.875,1.266,0.94,0.955,0.244,0.051,0.175,1.204
South Sudan,Sub-Saharan Africa,2018,154,3.254,0.337,0.39,0.177,0.112,0.106,0.224,0.608
Spain,Western Europe,2018,36,6.31,1.251,1.33,0.965,0.449,0.074,0.142,1.538
Sri Lanka,Southern Asia,2018,116,4.471,0.918,1.04,0.672,0.585,0.05,0.307,1.314
Sudan,Sub-Saharan Africa,2018,137,4.139,0.605,1.02,0.312,0.016,0.082,0.134,1.24
Sweden,Western Europe,2018,9,7.314,1.355,1.28,0.913,0.659,0.383,0.285,1.501
Switzerland,Western Europe,2018,5,7.487,1.42,1.34,0.927,0.66,0.357,0.256,1.549
Syria,Middle East and Northern Africa,2018,150,3.462,0.689,0.34,0.539,0.088,0.144,0.376,0.382
Taiwan,Eastern Asia,2018,26,6.441,1.365,1,0.857,0.418,0.078,0.151,1.436
Tajikistan,Central and Eastern Europe,2018,88,5.199,0.474,0.96,0.598,0.292,0.034,0.187,1.166
Tanzania,Sub-Saharan Africa,2018,153,3.303,0.455,0.94,0.381,0.481,0.097,0.27,0.991
Thailand,Southeastern Asia,2018,46,6.072,1.016,1.25,0.707,0.637,0.029,0.364,1.417
Togo,Sub-Saharan Africa,2018,139,3.999,0.259,0.19,0.253,0.434,0.101,0.158,0.474
Trinidad and Tobago,Latin America and Caribbean,2018,38,6.192,1.223,1.18,0.564,0.575,0.019,0.171,1.492
Tunisia,Middle East and Northern Africa,2018,111,4.592,0.9,0.63,0.69,0.271,0.063,0.04,0.906
Turkey,Middle East and Northern Africa,2018,74,5.483,1.148,1.05,0.686,0.324,0.109,0.106,1.38
Turkmenistan,Central and Eastern Europe,2018,68,5.636,1.016,1.25,0.517,0.417,0.037,0.199,1.533
Uganda,Sub-Saharan Africa,2018,135,4.161,0.322,1.06,0.237,0.45,0.061,0.259,1.09
Ukraine,Central and Eastern Europe,2018,138,4.103,0.793,1.2,0.609,0.163,0.011,0.187,1.413
United Arab Emirates,Middle East and Northern Africa,2018,20,6.774,2.096,1.09,0.67,0.284,N/A,0.186,0.776
United Kingdom,Western Europe,2018,11,7.19,1.244,1.29,0.888,0.464,0.082,0.262,1.433
United States of America,North America,2018,18,6.886,1.398,1.24,0.819,0.547,0.133,0.291,1.471
Uruguay,Latin America and Caribbean,2018,31,6.379,1.093,1.22,0.771,0.625,0.155,0.13,1.459
Uzbekistan,Central and Eastern Europe,2018,44,6.096,0.719,1.35,0.605,0.724,0.259,0.328,1.584
Venezuela,Latin America and Caribbean,2018,102,4.806,0.996,1.24,0.657,0.133,0.052,0.056,1.469
Vietnam,Southeastern Asia,2018,95,5.103,0.715,0.99,0.702,0.618,0.079,0.177,1.365
Yemen,Middle East and Northern Africa,2018,152,3.355,0.442,0.7,0.343,0.244,0.064,0.083,1.073
Zambia,Sub-Saharan Africa,2018,125,4.377,0.562,0.85,0.295,0.503,0.082,0.221,1.047
Zimbabwe,Sub-Saharan Africa,2018,144,3.692,0.357,0.94,0.248,0.406,0.099,0.132,1.094
Afghanistan,Southern Asia,2019,154,3.203,0.35,,0.361,0,0.025,0.158,0.517
Albania,Central and Eastern Europe,2019,107,4.719,0.947,,0.874,0.383,0.027,0.178,0.848
Algeria,Middle East and Northern Africa,2019,88,5.211,1.002,,0.785,0.086,0.114,0.073,1.16
Argentina,Latin America and Caribbean,2019,47,6.086,1.092,,0.881,0.471,0.05,0.066,1.432
Armenia,Central and Eastern Europe,2019,116,4.559,0.85,,0.815,0.283,0.064,0.095,1.055
Australia,Australia and New Zealand,2019,11,7.228,1.372,,1.036,0.557,0.29,0.332,1.548
Austria,Western Europe,2019,10,7.246,1.376,,1.016,0.532,0.226,0.244,1.475
Azerbaijan,Central and Eastern Europe,2019,90,5.208,1.043,,0.769,0.351,0.182,0.035,1.147
Bahrain,Middle East and Northern Africa,2019,37,6.199,1.362,,0.871,0.536,0.11,0.255,1.368
Bangladesh,Southern Asia,2019,125,4.456,0.562,,0.723,0.527,0.143,0.166,0.928
Belarus,Central and Eastern Europe,2019,81,5.323,1.067,,0.789,0.235,0.142,0.094,1.465
Belgium,Western Europe,2019,18,6.923,1.356,,0.986,0.473,0.21,0.16,1.504
Benin,Sub-Saharan Africa,2019,102,4.883,0.393,,0.397,0.349,0.082,0.175,0.437
Bhutan,Southern Asia,2019,95,5.082,0.813,,0.604,0.457,0.167,0.37,1.321
Bolivia,Latin America and Caribbean,2019,61,5.779,0.776,,0.706,0.511,0.064,0.137,1.209
Bosnia and Herzegovina,Central and Eastern Europe,2019,78,5.386,0.945,,0.845,0.212,0.006,0.263,1.212
Botswana,Sub-Saharan Africa,2019,148,3.488,1.041,,0.538,0.455,0.1,0.025,1.145
Brazil,Latin America and Caribbean,2019,32,6.3,1.004,,0.802,0.39,0.086,0.099,1.439
Bulgaria,Central and Eastern Europe,2019,97,5.011,1.092,,0.815,0.311,0.004,0.081,1.513
Burkina Faso,Sub-Saharan Africa,2019,115,4.587,0.331,,0.38,0.255,0.113,0.177,1.056
Burundi,Sub-Saharan Africa,2019,145,3.775,0.046,,0.38,0.22,0.18,0.176,0.447
Cambodia,Southeastern Asia,2019,109,4.7,0.574,,0.637,0.609,0.062,0.232,1.122
Cameroon,Sub-Saharan Africa,2019,96,5.044,0.549,,0.331,0.381,0.037,0.187,0.91
Canada,North America,2019,9,7.278,1.365,,1.039,0.584,0.308,0.285,1.505
Central African Republic,Sub-Saharan Africa,2019,155,3.083,0.026,,0.105,0.225,0.035,0.235,0
Chad,Sub-Saharan Africa,2019,132,4.35,0.35,,0.192,0.174,0.078,0.198,0.766
Chile,Latin America and Caribbean,2019,26,6.444,1.159,,0.92,0.357,0.056,0.187,1.369
China,Eastern Asia,2019,93,5.191,1.029,,0.893,0.521,0.1,0.058,1.125
Colombia,Latin America and Caribbean,2019,43,6.125,0.985,,0.841,0.47,0.034,0.099,1.41
Comoros,Sub-Saharan Africa,2019,142,3.973,0.274,,0.505,0.142,0.078,0.275,0.757
Congo (Brazzaville),Sub-Saharan Africa,2019,103,4.812,0.673,,0.508,0.372,0.093,0.105,0.799
Congo (Kinshasa),Sub-Saharan Africa,2019,127,4.418,0.094,,0.357,0.269,0.053,0.212,1.125
Costa Rica,Latin America and Caribbean,2019,12,7.167,1.034,1.22,0.963,0.558,0.093,0.144,1.441
Croatia,Central and Eastern Europe,2019,75,5.432,1.155,0.79,0.914,0.296,0.022,0.119,1.266
Cyprus,Western Europe,2019,49,6.046,1.263,0.91,1.042,0.406,0.041,0.19,1.223
Czech Republic,Central and Eastern Europe,2019,20,6.852,1.269,1.22,0.92,0.457,0.036,0.046,1.487
Denmark,Western Europe,2019,2,7.6,1.383,1.36,0.996,0.592,0.41,0.252,1.573
Dominican Republic,Latin America and Caribbean,2019,77,5.425,1.015,1.19,0.779,0.497,0.101,0.113,1.401
Ecuador,Latin America and Caribbean,2019,50,6.028,0.912,1.05,0.868,0.498,0.087,0.126,1.312
Egypt,Middle East and Northern Africa,2019,137,4.166,0.913,0.75,0.644,0.241,0.067,0.076,1.039
El Salvador,Latin America and Caribbean,2019,35,6.253,0.794,1.01,0.789,0.43,0.074,0.093,1.242
Estonia,Central and Eastern Europe,2019,55,5.893,1.237,1.25,0.874,0.495,0.161,0.103,1.528
Ethiopia,Sub-Saharan Africa,2019,134,4.286,0.336,0.62,0.532,0.344,0.1,0.209,1.033
Finland,Western Europe,2019,1,7.769,1.34,1.33,0.986,0.596,0.393,0.153,1.587
France,Western Europe,2019,24,6.592,1.324,1.22,1.045,0.436,0.183,0.111,1.472
Gabon,Sub-Saharan Africa,2019,104,4.799,1.057,0.93,0.571,0.295,0.055,0.043,1.183
Gambia,West Africa,2019,120,4.516,0.308,,0.428,0.382,0.167,0.269,0.939
Georgia,Central and Eastern Europe,2019,119,4.519,0.886,0.38,0.752,0.346,0.164,0.043,0.666
Germany,Western Europe,2019,17,6.985,1.373,1.29,0.987,0.495,0.265,0.261,1.454
Ghana,Sub-Saharan Africa,2019,98,4.996,0.611,0.68,0.486,0.381,0.04,0.245,0.868
Greece,Western Europe,2019,82,5.287,1.181,0.97,0.999,0.067,0.034,0,1.156
Guatemala,Latin America and Caribbean,2019,27,6.436,0.8,1.06,0.746,0.535,0.078,0.175,1.269
Guinea,Sub-Saharan Africa,2019,118,4.534,0.38,0.52,0.375,0.332,0.086,0.207,0.829
Haiti,Latin America and Caribbean,2019,147,3.597,0.323,0.56,0.449,0.026,0.11,0.419,0.688
Honduras,Latin America and Caribbean,2019,59,5.86,0.642,0.95,0.828,0.507,0.078,0.246,1.236
Hong Kong,Eastern Asia,2019,76,5.43,1.438,0.96,1.122,0.44,0.287,0.258,1.277
Hungary,Central and Eastern Europe,2019,62,5.758,1.201,1.16,0.828,0.199,0.02,0.081,1.41
Iceland,Western Europe,2019,4,7.494,1.38,1.4,1.026,0.591,0.118,0.354,1.624
India,Southern Asia,2019,140,4.015,0.755,0.48,0.588,0.498,0.085,0.2,0.765
Indonesia,Southeastern Asia,2019,92,5.192,0.931,1.08,0.66,0.491,0.028,0.498,1.203
Iran,Middle East and Northern Africa,2019,117,4.548,1.1,0.55,0.785,0.305,0.125,0.27,0.842
Iraq,Middle East and Northern Africa,2019,126,4.437,1.043,0.8,0.574,0.241,0.089,0.148,0.98
Ireland,Western Europe,2019,16,7.021,1.499,1.36,0.999,0.516,0.31,0.298,1.553
Israel,Middle East and Northern Africa,2019,13,7.139,1.276,1.2,1.029,0.371,0.082,0.261,1.455
Italy,Western Europe,2019,36,6.223,1.294,1.23,1.039,0.231,0.03,0.158,1.488
Ivory Coast,Sub-Saharan Africa,2019,99,4.944,0.569,0.75,0.232,0.352,0.09,0.154,0.808
Jamaica,Latin America and Caribbean,2019,56,5.89,0.831,1.16,0.831,0.49,0.028,0.107,1.478
Japan,Eastern Asia,2019,58,5.886,1.327,1.25,1.088,0.445,0.14,0.069,1.419
Jordan,Middle East and Northern Africa,2019,101,4.906,0.837,1.05,0.815,0.383,0.13,0.11,1.225
Kazakhstan,Central and Eastern Europe,2019,60,5.809,1.173,1.15,0.729,0.41,0.096,0.146,1.508
Kenya,Sub-Saharan Africa,2019,121,4.509,0.512,0.94,0.581,0.431,0.053,0.372,0.983
Kosovo,Central and Eastern Europe,2019,46,6.1,0.882,0.87,0.758,0.489,0.006,0.262,1.232
Kuwait,Middle East and Northern Africa,2019,51,6.021,1.5,1.1,0.808,0.493,0.097,0.142,1.319
Kyrgyzstan,Central and Eastern Europe,2019,86,5.261,0.551,1.17,0.723,0.508,0.023,0.3,1.438
Laos,Southeastern Asia,2019,105,4.796,0.764,0.64,0.551,0.547,0.164,0.266,1.03
Latvia,Central and Eastern Europe,2019,53,5.94,1.187,1.15,0.812,0.264,0.064,0.075,1.465
Lebanon,Middle East and Northern Africa,2019,91,5.197,0.987,0.86,0.815,0.216,0.027,0.166,1.224
Lesotho,Sub-Saharan Africa,2019,144,3.802,0.489,1.12,0.168,0.359,0.093,0.107,1.169
Liberia,Sub-Saharan Africa,2019,141,3.975,0.073,0.72,0.443,0.37,0.033,0.233,0.922
Libya,Middle East and Northern Africa,2019,72,5.525,1.044,1.14,0.673,0.416,0.152,0.133,1.303
Lithuania,Central and Eastern Europe,2019,42,6.149,1.238,1.27,0.818,0.291,0.042,0.043,1.515
Luxembourg,Western Europe,2019,14,7.09,1.609,1.24,1.012,0.526,0.316,0.194,1.479
Madagascar,Sub-Saharan Africa,2019,143,3.933,0.274,0.68,0.555,0.148,0.041,0.169,0.916
Malawi,Sub-Saharan Africa,2019,150,3.41,0.191,0.36,0.495,0.443,0.089,0.218,0.56
Malaysia,Southeastern Asia,2019,80,5.339,1.221,1.08,0.828,0.508,0.024,0.26,1.171
Mali,Sub-Saharan Africa,2019,128,4.39,0.385,1.06,0.308,0.327,0.052,0.153,1.105
Malta,Western Europe,2019,22,6.726,1.3,1.3,0.999,0.564,0.151,0.375,1.52
Mauritania,Sub-Saharan Africa,2019,122,4.49,0.57,0.99,0.489,0.066,0.088,0.106,1.167
Mauritius,Sub-Saharan Africa,2019,57,5.888,1.12,0.98,0.798,0.498,0.06,0.215,1.402
Mexico,Latin America and Caribbean,2019,23,6.595,1.07,0.95,0.861,0.433,0.073,0.074,1.323
Moldova,Central and Eastern Europe,2019,71,5.529,0.685,1.03,0.739,0.245,0,0.181,1.328
Mongolia,Eastern Asia,2019,83,5.285,0.948,1.29,0.667,0.317,0.038,0.235,1.531
Montenegro,Central and Eastern Europe,2019,73,5.523,1.051,0.96,0.871,0.197,0.08,0.142,1.361
Morocco,Middle East and Northern Africa,2019,89,5.208,0.801,0.6,0.782,0.418,0.076,0.036,0.782
Mozambique,Sub-Saharan Africa,2019,123,4.466,0.204,0.95,0.39,0.494,0.138,0.197,0.986
Myanmar,Southeastern Asia,2019,131,4.36,0.71,0.84,0.555,0.525,0.172,0.566,1.181
Namibia,Sub-Saharan Africa,2019,113,4.639,0.879,0.9,0.477,0.401,0.056,0.07,1.313
Nepal,Southern Asia,2019,100,4.913,0.446,0.91,0.677,0.439,0.089,0.285,1.226
Netherlands,Western Europe,2019,5,7.488,1.396,1.25,0.999,0.557,0.298,0.322,1.522
New Zealand,Australia and New Zealand,2019,8,7.307,1.303,1.35,1.026,0.585,0.38,0.33,1.557
Nicaragua,Latin America and Caribbean,2019,45,6.105,0.694,1.11,0.835,0.435,0.127,0.2,1.325
Niger,Sub-Saharan Africa,2019,114,4.628,0.138,0.79,0.366,0.318,0.102,0.188,0.774
Nigeria,Sub-Saharan Africa,2019,85,5.265,0.696,0.92,0.245,0.426,0.041,0.215,1.111
North Macedonia,Southeastern Europe,2019,84,5.274,0.983,,0.838,0.345,0.034,0.185,1.294
,,,,,,,,,,,
Norway,Western Europe,2019,3,7.554,1.488,1.33,1.028,0.603,0.341,0.271,1.582
Pakistan,Southern Asia,2019,67,5.653,0.677,0.45,0.535,0.313,0.098,0.22,0.886
Palestinian Territories,Middle East and Northern Africa,2019,110,4.696,0.657,0.93,0.672,0.225,0.066,0.103,1.247
Panama,Latin America and Caribbean,2019,31,6.321,1.149,1.19,0.91,0.516,0.054,0.109,1.442
Paraguay,Latin America and Caribbean,2019,63,5.743,0.855,1.31,0.777,0.514,0.08,0.184,1.475
Peru,Latin America and Caribbean,2019,65,5.697,0.96,1,0.854,0.455,0.027,0.083,1.274
Philippines,Southeastern Asia,2019,69,5.631,0.807,1.06,0.657,0.558,0.107,0.117,1.293
Poland,Central and Eastern Europe,2019,40,6.182,1.206,1.26,0.884,0.483,0.05,0.117,1.438
Portugal,Western Europe,2019,66,5.693,1.221,1.15,0.999,0.508,0.025,0.047,1.431
Qatar,Middle East and Northern Africa,2019,29,6.374,1.684,1.08,0.871,0.555,0.167,0.22,1.313
Romania,Central and Eastern Europe,2019,48,6.07,1.162,0.92,0.825,0.462,0.005,0.083,1.232
Russia,Central and Eastern Europe,2019,68,5.648,1.183,1.25,0.726,0.334,0.031,0.082,1.452
Rwanda,Sub-Saharan Africa,2019,152,3.334,0.359,0.78,0.614,0.555,0.411,0.217,0.711
Saudi Arabia,Middle East and Northern Africa,2019,28,6.375,1.403,1.07,0.795,0.439,0.132,0.08,1.357
Senegal,Sub-Saharan Africa,2019,111,4.681,0.45,0.98,0.571,0.292,0.072,0.153,1.134
Serbia,Central and Eastern Europe,2019,70,5.603,1.004,1.03,0.854,0.282,0.039,0.137,1.383
Sierra Leone,Sub-Saharan Africa,2019,129,4.374,0.268,0.86,0.242,0.309,0.045,0.252,0.841
Singapore,Southeastern Asia,2019,34,6.262,1.572,1.08,1.141,0.556,0.453,0.271,1.463
Slovakia,Central and Eastern Europe,2019,38,6.198,1.246,1.29,0.881,0.334,0.014,0.121,1.504
Slovenia,Central and Eastern Europe,2019,44,6.118,1.258,1.26,0.953,0.564,0.057,0.144,1.523
Somalia,Sub-Saharan Africa,2019,112,4.668,0,0.53,0.268,0.559,0.27,0.243,0.698
South Africa,Sub-Saharan Africa,2019,106,4.722,0.96,1.18,0.469,0.389,0.055,0.13,1.351
South Korea,Eastern Asia,2019,54,5.895,1.301,0.94,1.036,0.159,0.056,0.175,1.219
South Sudan,Sub-Saharan Africa,2019,156,2.853,0.306,0.39,0.295,0.01,0.091,0.202,0.575
Spain,Western Europe,2019,30,6.354,1.286,1.33,1.062,0.362,0.079,0.153,1.484
Sri Lanka,Southern Asia,2019,130,4.366,0.949,1.04,0.831,0.47,0.047,0.244,1.265
Swaziland,Sub-Saharan Africa,2019,135,4.212,0.811,1.07,0,0.313,0.135,0.074,1.149
Sweden,Western Europe,2019,7,7.343,1.387,1.28,1.009,0.574,0.373,0.267,1.487
Switzerland,Western Europe,2019,6,7.48,1.452,1.34,1.052,0.572,0.343,0.263,1.526
Syria,Middle East and Northern Africa,2019,149,3.462,0.619,0.34,0.44,0.013,0.141,0.331,0.378
Taiwan,Eastern Asia,2019,25,6.446,1.368,1,0.914,0.351,0.097,0.242,1.43
Tajikistan,Central and Eastern Europe,2019,74,5.467,0.493,0.96,0.718,0.389,0.144,0.23,1.098
Tanzania,Sub-Saharan Africa,2019,153,3.231,0.476,0.94,0.499,0.417,0.147,0.276,0.885
Thailand,Southeastern Asia,2019,52,6.008,1.05,1.25,0.828,0.557,0.028,0.359,1.409
Togo,Sub-Saharan Africa,2019,139,4.085,0.275,0.19,0.41,0.293,0.085,0.177,0.572
Trinidad and Tobago,Latin America and Caribbean,2019,39,6.192,1.231,1.18,0.713,0.489,0.016,0.185,1.477
Tunisia,Middle East and Northern Africa,2019,124,4.461,0.921,0.63,0.815,0.167,0.055,0.059,1
Turkey,Middle East and Northern Africa,2019,79,5.373,1.183,1.05,0.808,0.195,0.106,0.083,1.36
Turkmenistan,Central and Eastern Europe,2019,87,5.247,1.052,1.25,0.657,0.394,0.028,0.244,1.538
Uganda,Sub-Saharan Africa,2019,136,4.189,0.332,1.06,0.443,0.356,0.06,0.252,1.069
Ukraine,Central and Eastern Europe,2019,133,4.332,0.82,1.2,0.739,0.178,0.01,0.187,1.39
United Arab Emirates,Middle East and Northern Africa,2019,21,6.825,1.503,1.09,0.825,0.598,0.182,0.262,1.31
United Kingdom,Western Europe,2019,15,7.054,1.333,1.29,0.996,0.45,0.278,0.348,1.538
United States of America,North America,2019,19,6.892,1.433,1.24,0.874,0.454,0.128,0.28,1.457
Uruguay,Latin America and Caribbean,2019,33,6.293,1.124,1.22,0.891,0.523,0.15,0.127,1.465
Uzbekistan,Central and Eastern Europe,2019,41,6.174,0.745,1.35,0.756,0.631,0.24,0.322,1.529
Venezuela,Latin America and Caribbean,2019,108,4.707,0.96,1.24,0.805,0.154,0.047,0.064,1.427
Vietnam,Southeastern Asia,2019,94,5.175,0.741,0.99,0.851,0.543,0.073,0.147,1.346
Yemen,Middle East and Northern Africa,2019,151,3.38,0.287,0.7,0.463,0.143,0.077,0.108,1.163
Zambia,Sub-Saharan Africa,2019,138,4.107,0.578,0.85,0.426,0.431,0.087,0.247,1.058
Zimbabwe,Sub-Saharan Africa,2019,146,3.663,0.366,0.94,0.433,0.361,0.089,0.151,1.114
,,,,,,,,,,,