Country,Region,Year,Happiness Rank,Happiness Score,GDP per Capita,Health (Life Expectancy),Freedom,Trust in Government,Generosity
Afghanistan,Southern Asia,2015.0,153.0,3.575,0.32,0.303,0.234,0.097,0.365
Albania,Central and Eastern Europe,2015.0,95.0,4.959,0.879,0.813,0.357,0.064,0.143
Algeria,Middle East and Northern Africa,2015.0,68.0,5.605,0.939,0.618,0.286,0.174,0.078
Angola,Sub-Saharan Africa,2015.0,137.0,4.033,0.758,0.167,0.104,0.071,0.123
Argentina,Latin America and Caribbean,2015.0,30.0,6.574,1.054,0.787,0.45,0.085,0.115
Armenia,Central and Eastern Europe,2015.0,127.0,4.35,0.768,0.73,0.198,0.039,0.079
Australia,Australia and New Zealand,2015.0,10.0,7.284,1.334,0.932,0.651,0.356,0.436
Austria,Western Europe,2015.0,13.0,7.2,1.337,0.89,0.624,0.187,0.331
Azerbaijan,Central and Eastern Europe,2015.0,80.0,5.212,1.024,0.64,0.37,0.161,0.078
Bahrain,Middle East and Northern Africa,2015.0,49.0,5.96,1.324,0.747,0.455,0.306,0.174
Bangladesh,Southern Asia,2015.0,109.0,4.694,0.398,0.602,0.408,0.126,0.212
Belarus,Central and Eastern Europe,2015.0,59.0,5.813,1.032,0.736,0.379,0.191,0.11
Belgium,Western Europe,2015.0,19.0,6.937,1.308,0.897,0.585,0.225,0.223
Benin,Sub-Saharan Africa,2015.0,155.0,3.34,0.287,0.319,0.485,0.08,0.183
Bhutan,Southern Asia,2015.0,79.0,5.253,0.77,0.574,0.532,0.154,0.48
Bolivia,Latin America and Caribbean,2015.0,51.0,5.89,0.681,0.539,0.574,0.088,0.205
Bosnia and Herzegovina,Central and Eastern Europe,2015.0,96.0,4.949,0.832,0.791,0.092,0.002,0.248
Botswana,Sub-Saharan Africa,2015.0,128.0,4.332,0.994,0.048,0.495,0.125,0.105
Brazil,Latin America and Caribbean,2015.0,16.0,6.983,0.981,0.697,0.49,0.175,0.146
Bulgaria,Central and Eastern Europe,2015.0,134.0,4.218,1.012,0.766,0.306,0.009,0.119
Burkina Faso,Sub-Saharan Africa,2015.0,152.0,3.587,0.258,0.271,0.395,0.128,0.217
Burundi,Sub-Saharan Africa,2015.0,157.0,2.905,0.015,0.224,0.119,0.101,0.197
Cambodia,Southeastern Asia,2015.0,145.0,3.819,0.46,0.611,0.662,0.072,0.404
Cameroon,Sub-Saharan Africa,2015.0,133.0,4.252,0.423,0.234,0.493,0.058,0.206
Canada,North America,2015.0,5.0,7.427,1.326,0.906,0.633,0.33,0.458
Central African Republic,Sub-Saharan Africa,2015.0,148.0,3.678,0.079,0.067,0.489,0.083,0.238
Chad,Sub-Saharan Africa,2015.0,149.0,3.667,0.342,0.15,0.235,0.053,0.184
Chile,Latin America and Caribbean,2015.0,27.0,6.67,1.107,0.859,0.441,0.129,0.334
China,Eastern Asia,2015.0,84.0,5.14,0.89,0.817,0.517,0.028,0.082
Colombia,Latin America and Caribbean,2015.0,33.0,6.477,0.919,0.691,0.535,0.051,0.184
Comoros,Sub-Saharan Africa,2015.0,140.0,3.956,0.239,0.363,0.229,0.199,0.174
Congo (Brazzaville),Sub-Saharan Africa,2015.0,139.0,3.989,0.679,0.311,0.415,0.117,0.124
Congo (Kinshasa),Sub-Saharan Africa,2015.0,120.0,4.517,0.0,0.098,0.226,0.076,0.248
Costa Rica,Latin America and Caribbean,2015.0,12.0,7.226,0.956,0.86,0.634,0.106,0.255
Croatia,Central and Eastern Europe,2015.0,62.0,5.759,1.083,0.788,0.259,0.024,0.054
Cyprus,Western Europe,2015.0,67.0,5.689,1.208,0.924,0.407,0.061,0.306
Czech Republic,Central and Eastern Europe,2015.0,31.0,6.505,1.179,0.845,0.464,0.027,0.107
Denmark,Western Europe,2015.0,3.0,7.527,1.325,0.875,0.649,0.484,0.341
Djibouti,Sub-Saharan Africa,2015.0,126.0,4.369,0.44,0.363,0.461,0.281,0.181
Dominican Republic,Latin America and Caribbean,2015.0,98.0,4.885,0.895,0.668,0.577,0.142,0.217
Ecuador,Latin America and Caribbean,2015.0,48.0,5.975,0.864,0.791,0.486,0.181,0.115
Egypt,Middle East and Northern Africa,2015.0,135.0,4.194,0.882,0.617,0.173,0.063,0.113
El Salvador,Latin America and Caribbean,2015.0,42.0,6.13,0.765,0.677,0.404,0.118,0.107
Estonia,Central and Eastern Europe,2015.0,73.0,5.429,1.152,0.774,0.449,0.152,0.087
Ethiopia,Sub-Saharan Africa,2015.0,122.0,4.512,0.191,0.441,0.435,0.15,0.243
Finland,Western Europe,2015.0,6.0,7.406,1.29,0.889,0.642,0.414,0.234
France,Western Europe,2015.0,29.0,6.575,1.278,0.946,0.55,0.206,0.123
Gabon,Sub-Saharan Africa,2015.0,143.0,3.896,1.06,0.434,0.319,0.111,0.068
Georgia,Central and Eastern Europe,2015.0,130.0,4.297,0.742,0.729,0.406,0.383,0.055
Germany,Western Europe,2015.0,26.0,6.75,1.328,0.892,0.615,0.218,0.282
Ghana,Sub-Saharan Africa,2015.0,114.0,4.633,0.546,0.401,0.423,0.044,0.231
Greece,Western Europe,2015.0,102.0,4.857,1.154,0.882,0.077,0.014,0.0
Guatemala,Latin America and Caribbean,2015.0,43.0,6.123,0.746,0.644,0.577,0.095,0.275
Guinea,Sub-Saharan Africa,2015.0,150.0,3.656,0.174,0.24,0.377,0.121,0.287
Haiti,Latin America and Caribbean,2015.0,119.0,4.518,0.267,0.388,0.244,0.172,0.462
Honduras,Latin America and Caribbean,2015.0,105.0,4.788,0.595,0.695,0.401,0.068,0.23
Hong Kong,Eastern Asia,2015.0,72.0,5.474,1.386,1.013,0.596,0.371,0.395
Hungary,Central and Eastern Europe,2015.0,104.0,4.8,1.121,0.759,0.321,0.028,0.128
Iceland,Western Europe,2015.0,2.0,7.561,1.302,0.948,0.629,0.141,0.436
India,Southern Asia,2015.0,117.0,4.565,0.645,0.515,0.398,0.085,0.265
Indonesia,Southeastern Asia,2015.0,74.0,5.399,0.828,0.638,0.466,0.0,0.515
Iran,Middle East and Northern Africa,2015.0,110.0,4.686,1.009,0.698,0.3,0.059,0.381
Iraq,Middle East and Northern Africa,2015.0,112.0,4.677,0.985,0.602,0.0,0.138,0.179
Ireland,Western Europe,2015.0,18.0,6.94,1.336,0.895,0.618,0.287,0.459
Israel,Middle East and Northern Africa,2015.0,11.0,7.278,1.229,0.914,0.413,0.078,0.332
Italy,Western Europe,2015.0,50.0,5.948,1.251,0.954,0.262,0.029,0.228
Ivory Coast,Sub-Saharan Africa,2015.0,151.0,3.655,0.465,0.152,0.469,0.179,0.202
Jamaica,Latin America and Caribbean,2015.0,65.0,5.709,0.81,0.687,0.504,0.023,0.212
Japan,Eastern Asia,2015.0,46.0,5.987,1.271,0.991,0.496,0.181,0.107
Jordan,Middle East and Northern Africa,2015.0,82.0,5.192,0.902,0.696,0.407,0.143,0.111
Kazakhstan,Central and Eastern Europe,2015.0,54.0,5.855,1.123,0.644,0.516,0.085,0.118
Kenya,Sub-Saharan Africa,2015.0,125.0,4.419,0.365,0.414,0.422,0.058,0.375
Kosovo,Central and Eastern Europe,2015.0,69.0,5.589,0.801,0.631,0.247,0.047,0.283
Kuwait,Middle East and Northern Africa,2015.0,39.0,6.295,1.554,0.725,0.555,0.256,0.162
Kyrgyzstan,Central and Eastern Europe,2015.0,77.0,5.286,0.474,0.651,0.435,0.042,0.3
Laos,Southeastern Asia,2015.0,99.0,4.876,0.591,0.549,0.596,0.242,0.422
Latvia,Central and Eastern Europe,2015.0,89.0,5.098,1.113,0.724,0.297,0.063,0.182
Lebanon,Middle East and Northern Africa,2015.0,103.0,4.839,1.026,0.839,0.339,0.046,0.219
Lesotho,Sub-Saharan Africa,2015.0,97.0,4.898,0.375,0.076,0.318,0.125,0.164
Liberia,Sub-Saharan Africa,2015.0,116.0,4.571,0.071,0.342,0.285,0.062,0.244
Libya,Middle East and Northern Africa,2015.0,63.0,5.754,1.131,0.704,0.417,0.11,0.183
Lithuania,Central and Eastern Europe,2015.0,56.0,5.833,1.147,0.731,0.213,0.01,0.026
Luxembourg,Western Europe,2015.0,17.0,6.946,1.564,0.919,0.616,0.378,0.28
Macedonia,Central and Eastern Europe,2015.0,93.0,5.007,0.919,0.735,0.335,0.053,0.224
Madagascar,Sub-Saharan Africa,2015.0,147.0,3.681,0.208,0.467,0.192,0.081,0.213
Malawi,Sub-Saharan Africa,2015.0,131.0,4.292,0.016,0.226,0.431,0.07,0.331
Malaysia,Southeastern Asia,2015.0,61.0,5.77,1.125,0.724,0.53,0.105,0.331
Mali,Sub-Saharan Africa,2015.0,138.0,3.995,0.261,0.206,0.389,0.124,0.188
Malta,Western Europe,2015.0,37.0,6.302,1.207,0.887,0.604,0.136,0.518
Mauritania,Sub-Saharan Africa,2015.0,124.0,4.436,0.454,0.359,0.242,0.175,0.219
Mauritius,Sub-Saharan Africa,2015.0,71.0,5.477,1.008,0.71,0.561,0.075,0.377
Mexico,Latin America and Caribbean,2015.0,14.0,7.187,1.021,0.814,0.482,0.213,0.141
Moldova,Central and Eastern Europe,2015.0,52.0,5.889,0.594,0.618,0.328,0.016,0.21
Mongolia,Eastern Asia,2015.0,100.0,4.874,0.828,0.603,0.436,0.027,0.332
Montenegro,Central and Eastern Europe,2015.0,82.0,5.192,0.974,0.725,0.183,0.143,0.161
Morocco,Middle East and Northern Africa,2015.0,92.0,5.013,0.735,0.61,0.417,0.085,0.072
Mozambique,Sub-Saharan Africa,2015.0,94.0,4.971,0.083,0.091,0.34,0.156,0.223
Myanmar,Southeastern Asia,2015.0,129.0,4.307,0.271,0.482,0.44,0.19,0.796
Nepal,Southern Asia,2015.0,121.0,4.514,0.36,0.569,0.383,0.059,0.323
Netherlands,Western Europe,2015.0,7.0,7.378,1.329,0.893,0.616,0.318,0.476
New Zealand,Australia and New Zealand,2015.0,9.0,7.286,1.25,0.908,0.639,0.429,0.475
Nicaragua,Latin America and Caribbean,2015.0,57.0,5.828,0.593,0.743,0.555,0.193,0.278
Niger,Sub-Saharan Africa,2015.0,144.0,3.845,0.069,0.297,0.477,0.156,0.194
Nigeria,Sub-Saharan Africa,2015.0,78.0,5.268,0.654,0.16,0.343,0.04,0.272
North Cyprus,Western Europe,2015.0,66.0,5.695,1.208,0.924,0.49,0.143,0.262
Norway,Western Europe,2015.0,4.0,7.522,1.459,0.885,0.67,0.365,0.347
Oman,Middle East and Northern Africa,2015.0,22.0,6.853,1.36,0.763,0.633,0.325,0.215
Pakistan,Southern Asia,2015.0,81.0,5.194,0.595,0.515,0.121,0.105,0.337
Palestinian Territories,Middle East and Northern Africa,2015.0,108.0,4.715,0.599,0.66,0.245,0.129,0.113
Panama,Latin America and Caribbean,2015.0,25.0,6.786,1.064,0.797,0.542,0.093,0.244
Paraguay,Latin America and Caribbean,2015.0,53.0,5.878,0.76,0.661,0.539,0.082,0.342
Peru,Latin America and Caribbean,2015.0,58.0,5.824,0.9,0.73,0.415,0.06,0.15
Philippines,Southeastern Asia,2015.0,90.0,5.073,0.705,0.581,0.625,0.123,0.25
Poland,Central and Eastern Europe,2015.0,60.0,5.791,1.126,0.779,0.531,0.042,0.168
Portugal,Western Europe,2015.0,88.0,5.102,1.16,0.875,0.515,0.011,0.137
Qatar,Middle East and Northern Africa,2015.0,28.0,6.611,1.69,0.797,0.64,0.522,0.326
Romania,Central and Eastern Europe,2015.0,86.0,5.124,1.043,0.769,0.351,0.006,0.137
Russia,Central and Eastern Europe,2015.0,64.0,5.716,1.138,0.669,0.367,0.03,0.002
Rwanda,Sub-Saharan Africa,2015.0,154.0,3.465,0.222,0.429,0.592,0.552,0.226
Saudi Arabia,Middle East and Northern Africa,2015.0,35.0,6.411,1.395,0.72,0.31,0.325,0.137
Senegal,Sub-Saharan Africa,2015.0,142.0,3.904,0.365,0.435,0.368,0.107,0.208
Serbia,Central and Eastern Europe,2015.0,87.0,5.123,0.921,0.748,0.201,0.026,0.192
Sierra Leone,Sub-Saharan Africa,2015.0,123.0,4.507,0.33,0.0,0.408,0.088,0.215
Singapore,Southeastern Asia,2015.0,24.0,6.798,1.522,1.025,0.543,0.492,0.311
Slovakia,Central and Eastern Europe,2015.0,45.0,5.995,1.169,0.789,0.318,0.034,0.169
Slovenia,Central and Eastern Europe,2015.0,55.0,5.848,1.185,0.873,0.609,0.038,0.253
Somaliland region,Sub-Saharan Africa,2015.0,91.0,5.057,0.188,0.439,0.466,0.399,0.503
South Africa,Sub-Saharan Africa,2015.0,113.0,4.642,0.92,0.277,0.332,0.089,0.12
South Korea,Eastern Asia,2015.0,47.0,5.984,1.245,0.965,0.332,0.079,0.186
Spain,Western Europe,2015.0,36.0,6.329,1.23,0.956,0.46,0.064,0.182
Sri Lanka,Southern Asia,2015.0,132.0,4.271,0.835,0.708,0.537,0.092,0.408
Sudan,Sub-Saharan Africa,2015.0,118.0,4.55,0.521,0.369,0.101,0.147,0.191
Suriname,Latin America and Caribbean,2015.0,40.0,6.269,0.995,0.608,0.597,0.136,0.17
Swaziland,Sub-Saharan Africa,2015.0,101.0,4.867,0.712,0.076,0.307,0.031,0.183
Sweden,Western Europe,2015.0,8.0,7.364,1.332,0.911,0.66,0.438,0.363
Switzerland,Western Europe,2015.0,1.0,7.587,1.397,0.941,0.666,0.42,0.297
Syria,Middle East and Northern Africa,2015.0,156.0,3.006,0.663,0.722,0.157,0.189,0.472
Taiwan,Eastern Asia,2015.0,38.0,6.298,1.291,0.875,0.397,0.081,0.254
Tajikistan,Central and Eastern Europe,2015.0,106.0,4.786,0.39,0.574,0.472,0.151,0.23
Tanzania,Sub-Saharan Africa,2015.0,146.0,3.781,0.285,0.382,0.329,0.057,0.344
Thailand,Southeastern Asia,2015.0,34.0,6.455,0.967,0.739,0.557,0.032,0.576
Togo,Sub-Saharan Africa,2015.0,158.0,2.839,0.209,0.284,0.365,0.107,0.167
Trinidad and Tobago,Latin America and Caribbean,2015.0,41.0,6.168,1.212,0.615,0.559,0.011,0.318
Tunisia,Middle East and Northern Africa,2015.0,107.0,4.739,0.881,0.738,0.263,0.064,0.064
Turkey,Middle East and Northern Africa,2015.0,76.0,5.332,1.061,0.732,0.228,0.157,0.123
Turkmenistan,Central and Eastern Europe,2015.0,70.0,5.548,0.958,0.539,0.476,0.308,0.17
Uganda,Sub-Saharan Africa,2015.0,141.0,3.931,0.211,0.339,0.457,0.073,0.291
Ukraine,Central and Eastern Europe,2015.0,111.0,4.681,0.799,0.674,0.251,0.03,0.153
United Arab Emirates,Middle East and Northern Africa,2015.0,20.0,6.901,1.427,0.809,0.642,0.386,0.264
United Kingdom,Western Europe,2015.0,21.0,6.867,1.266,0.909,0.596,0.321,0.519
United States of America,North America,2015.0,15.0,7.119,1.395,0.862,0.546,0.159,0.401
Uruguay,Latin America and Caribbean,2015.0,32.0,6.485,1.062,0.812,0.604,0.246,0.232
Uzbekistan,Central and Eastern Europe,2015.0,44.0,6.003,0.632,0.598,0.658,0.308,0.228
Venezuela,Latin America and Caribbean,2015.0,23.0,6.81,1.044,0.721,0.429,0.111,0.058
Vietnam,Southeastern Asia,2015.0,75.0,5.36,0.632,0.747,0.594,0.104,0.169
Yemen,Middle East and Northern Africa,2015.0,136.0,4.077,0.546,0.401,0.356,0.079,0.091
Zambia,Sub-Saharan Africa,2015.0,85.0,5.129,0.47,0.299,0.488,0.125,0.196
Zimbabwe,Sub-Saharan Africa,2015.0,115.0,4.61,0.271,0.335,0.259,0.081,0.19
Afghanistan,Southern Asia,2016.0,154.0,3.36,0.382,0.173,0.164,0.071,0.313
Albania,Central and Eastern Europe,2016.0,109.0,4.655,0.955,0.73,0.319,0.053,0.168
Algeria,Middle East and Northern Africa,2016.0,38.0,6.355,1.053,0.618,0.21,0.162,0.07
Angola,Sub-Saharan Africa,2016.0,141.0,3.866,0.847,0.05,0.006,0.084,0.121
Argentina,Latin America and Caribbean,2016.0,26.0,6.65,1.151,0.697,0.423,0.073,0.11
Armenia,Central and Eastern Europe,2016.0,121.0,4.36,0.861,0.641,0.14,0.036,0.078
Australia,Australia and New Zealand,2016.0,9.0,7.313,1.444,0.851,0.568,0.323,0.474
Austria,Western Europe,2016.0,12.0,7.119,1.45,0.806,0.544,0.213,0.329
Azerbaijan,Central and Eastern Europe,2016.0,81.0,5.291,1.124,0.545,0.353,0.179,0.056
Bahrain,Middle East and Northern Africa,2016.0,42.0,6.218,1.44,0.657,0.474,0.258,0.171
Bangladesh,Southern Asia,2016.0,110.0,4.643,0.542,0.53,0.398,0.126,0.191
Belarus,Central and Eastern Europe,2016.0,61.0,5.802,1.131,0.631,0.291,0.175,0.139
Belgium,Western Europe,2016.0,18.0,6.929,1.425,0.82,0.514,0.262,0.242
Belize,Latin America and Caribbean,2016.0,52.0,5.956,0.876,0.456,0.512,0.108,0.237
Benin,Sub-Saharan Africa,2016.0,153.0,3.484,0.395,0.21,0.397,0.067,0.202
Bhutan,Southern Asia,2016.0,84.0,5.196,0.853,0.498,0.461,0.162,0.485
Bolivia,Latin America and Caribbean,2016.0,59.0,5.822,0.794,0.47,0.51,0.077,0.217
Bosnia and Herzegovina,Central and Eastern Europe,2016.0,87.0,5.163,0.934,0.708,0.095,0.0,0.299
Botswana,Sub-Saharan Africa,2016.0,137.0,3.974,1.094,0.348,0.441,0.108,0.124
Brazil,Latin America and Caribbean,2016.0,17.0,6.952,1.088,0.614,0.404,0.142,0.158
Bulgaria,Central and Eastern Europe,2016.0,129.0,4.217,1.113,0.678,0.212,0.006,0.128
Burkina Faso,Sub-Saharan Africa,2016.0,145.0,3.739,0.32,0.213,0.334,0.125,0.244
Burundi,Sub-Saharan Africa,2016.0,157.0,2.905,0.068,0.157,0.043,0.094,0.203
Cambodia,Southeastern Asia,2016.0,140.0,3.907,0.556,0.425,0.589,0.081,0.403
Cameroon,Sub-Saharan Africa,2016.0,114.0,4.513,0.525,0.127,0.427,0.061,0.227
Canada,North America,2016.0,6.0,7.404,1.44,0.828,0.574,0.313,0.448
Chad,Sub-Saharan Africa,2016.0,144.0,3.763,0.422,0.038,0.128,0.05,0.187
Chile,Latin America and Caribbean,2016.0,24.0,6.705,1.217,0.819,0.378,0.115,0.316
China,Eastern Asia,2016.0,83.0,5.245,1.028,0.736,0.44,0.027,0.05
Colombia,Latin America and Caribbean,2016.0,31.0,6.481,1.03,0.597,0.447,0.054,0.156
Comoros,Sub-Saharan Africa,2016.0,138.0,3.956,0.275,0.3,0.154,0.184,0.183
Congo (Brazzaville),Sub-Saharan Africa,2016.0,127.0,4.236,0.771,0.282,0.379,0.098,0.121
Congo (Kinshasa),Sub-Saharan Africa,2016.0,125.0,4.272,0.057,0.188,0.156,0.061,0.255
Costa Rica,Latin America and Caribbean,2016.0,14.0,7.087,1.069,0.761,0.552,0.105,0.226
Croatia,Central and Eastern Europe,2016.0,74.0,5.488,1.186,0.705,0.239,0.04,0.184
Cyprus,Western Europe,2016.0,69.0,5.546,1.319,0.849,0.295,0.052,0.279
Czech Republic,Central and Eastern Europe,2016.0,27.0,6.596,1.309,0.764,0.414,0.04,0.099
Denmark,Western Europe,2016.0,1.0,7.526,1.442,0.795,0.579,0.445,0.362
Dominican Republic,Latin America and Caribbean,2016.0,89.0,5.155,1.028,0.577,0.523,0.124,0.213
Ecuador,Latin America and Caribbean,2016.0,51.0,5.976,0.973,0.686,0.403,0.18,0.101
Egypt,Middle East and Northern Africa,2016.0,120.0,4.362,0.954,0.521,0.188,0.104,0.127
El Salvador,Latin America and Caribbean,2016.0,46.0,6.068,0.874,0.596,0.373,0.106,0.089
Estonia,Central and Eastern Europe,2016.0,72.0,5.517,1.28,0.681,0.415,0.185,0.084
Ethiopia,Sub-Saharan Africa,2016.0,115.0,4.508,0.293,0.346,0.367,0.172,0.295
Finland,Western Europe,2016.0,5.0,7.413,1.406,0.811,0.571,0.41,0.255
France,Western Europe,2016.0,32.0,6.478,1.395,0.838,0.466,0.178,0.122
Gabon,Sub-Saharan Africa,2016.0,134.0,4.121,1.159,0.349,0.281,0.093,0.062
Georgia,Central and Eastern Europe,2016.0,126.0,4.252,0.838,0.64,0.325,0.319,0.068
Germany,Western Europe,2016.0,16.0,6.994,1.448,0.815,0.535,0.286,0.305
Ghana,Sub-Saharan Africa,2016.0,124.0,4.276,0.631,0.297,0.41,0.033,0.212
Greece,Western Europe,2016.0,99.0,5.033,1.249,0.8,0.058,0.041,0.0
Guatemala,Latin America and Caribbean,2016.0,39.0,6.324,0.835,0.54,0.504,0.087,0.288
Guinea,Sub-Saharan Africa,2016.0,151.0,3.607,0.224,0.188,0.31,0.119,0.299
Haiti,Latin America and Caribbean,2016.0,136.0,4.028,0.341,0.275,0.121,0.145,0.48
Honduras,Latin America and Caribbean,2016.0,104.0,4.871,0.694,0.584,0.268,0.069,0.204
Hong Kong,Eastern Asia,2016.0,75.0,5.458,1.511,0.953,0.481,0.316,0.401
Hungary,Central and Eastern Europe,2016.0,91.0,5.145,1.241,0.676,0.198,0.045,0.099
Iceland,Western Europe,2016.0,3.0,7.501,1.427,0.867,0.566,0.15,0.477
India,Southern Asia,2016.0,118.0,4.404,0.74,0.451,0.403,0.087,0.25
Indonesia,Southeastern Asia,2016.0,79.0,5.314,0.951,0.494,0.392,0.003,0.565
Iran,Middle East and Northern Africa,2016.0,105.0,4.813,1.118,0.642,0.225,0.056,0.385
Iraq,Middle East and Northern Africa,2016.0,112.0,4.575,1.075,0.511,0.249,0.136,0.196
Ireland,Western Europe,2016.0,19.0,6.907,1.483,0.815,0.54,0.298,0.45
Israel,Middle East and Northern Africa,2016.0,11.0,7.267,1.338,0.849,0.364,0.087,0.323
Italy,Western Europe,2016.0,50.0,5.977,1.355,0.851,0.188,0.026,0.167
Ivory Coast,Sub-Saharan Africa,2016.0,139.0,3.916,0.555,0.045,0.407,0.155,0.203
Jamaica,Latin America and Caribbean,2016.0,73.0,5.51,0.893,0.595,0.436,0.043,0.222
Japan,Eastern Asia,2016.0,53.0,5.921,1.38,0.915,0.468,0.19,0.102
Jordan,Middle East and Northern Africa,2016.0,80.0,5.303,0.997,0.607,0.36,0.133,0.143
Kazakhstan,Central and Eastern Europe,2016.0,54.0,5.919,1.229,0.574,0.405,0.111,0.15
Kenya,Sub-Saharan Africa,2016.0,122.0,4.356,0.523,0.301,0.406,0.067,0.413
Kosovo,Central and Eastern Europe,2016.0,77.0,5.401,0.901,0.54,0.144,0.065,0.28
Kuwait,Middle East and Northern Africa,2016.0,41.0,6.239,1.617,0.636,0.432,0.237,0.16
Kyrgyzstan,Central and Eastern Europe,2016.0,85.0,5.185,0.56,0.554,0.402,0.048,0.384
Laos,Southeastern Asia,2016.0,102.0,4.876,0.68,0.383,0.522,0.224,0.431
Latvia,Central and Eastern Europe,2016.0,68.0,5.56,1.218,0.64,0.28,0.089,0.174
Lebanon,Middle East and Northern Africa,2016.0,93.0,5.129,1.123,0.762,0.262,0.031,0.237
Liberia,Sub-Saharan Africa,2016.0,150.0,3.622,0.107,0.232,0.257,0.049,0.241
Libya,Middle East and Northern Africa,2016.0,67.0,5.615,1.067,0.523,0.407,0.103,0.171
Lithuania,Central and Eastern Europe,2016.0,60.0,5.813,1.269,0.647,0.189,0.018,0.02
Luxembourg,Western Europe,2016.0,20.0,6.871,1.698,0.845,0.549,0.353,0.276
Macedonia,Central and Eastern Europe,2016.0,95.0,5.121,1.019,0.647,0.277,0.07,0.235
Madagascar,Sub-Saharan Africa,2016.0,148.0,3.695,0.28,0.371,0.137,0.075,0.22
Malawi,Sub-Saharan Africa,2016.0,132.0,4.156,0.087,0.294,0.414,0.076,0.31
Malaysia,Southeastern Asia,2016.0,47.0,6.005,1.251,0.624,0.39,0.091,0.415
Mali,Sub-Saharan Africa,2016.0,135.0,4.073,0.313,0.163,0.275,0.136,0.211
Malta,Western Europe,2016.0,30.0,6.488,1.308,0.803,0.55,0.176,0.562
Mauritania,Sub-Saharan Africa,2016.0,130.0,4.201,0.614,0.286,0.127,0.18,0.227
Mauritius,Sub-Saharan Africa,2016.0,66.0,5.648,1.144,0.662,0.461,0.052,0.37
Mexico,Latin America and Caribbean,2016.0,21.0,6.778,1.115,0.711,0.377,0.184,0.117
Moldova,Central and Eastern Europe,2016.0,55.0,5.897,0.692,0.523,0.252,0.019,0.2
Mongolia,Eastern Asia,2016.0,101.0,4.907,0.989,0.555,0.36,0.033,0.345
Montenegro,Central and Eastern Europe,2016.0,88.0,5.161,1.078,0.635,0.151,0.127,0.172
Morocco,Middle East and Northern Africa,2016.0,90.0,5.151,0.841,0.595,0.256,0.084,0.041
Myanmar,Southeastern Asia,2016.0,119.0,4.395,0.341,0.399,0.427,0.202,0.82
Namibia,Sub-Saharan Africa,2016.0,113.0,4.574,0.933,0.347,0.486,0.104,0.078
Nepal,Southern Asia,2016.0,107.0,4.793,0.446,0.501,0.37,0.07,0.382
Netherlands,Western Europe,2016.0,7.0,7.339,1.465,0.812,0.552,0.299,0.474
New Zealand,Australia and New Zealand,2016.0,8.0,7.334,1.361,0.831,0.581,0.419,0.494
Nicaragua,Latin America and Caribbean,2016.0,48.0,5.992,0.694,0.652,0.466,0.163,0.298
Niger,Sub-Saharan Africa,2016.0,142.0,3.856,0.133,0.262,0.38,0.172,0.21
Nigeria,Sub-Saharan Africa,2016.0,103.0,4.875,0.752,0.051,0.279,0.031,0.232
North Cyprus,Western Europe,2016.0,62.0,5.771,1.311,0.841,0.436,0.166,0.263
Norway,Western Europe,2016.0,4.0,7.498,1.577,0.796,0.596,0.358,0.379
Pakistan,Southern Asia,2016.0,92.0,5.132,0.688,0.403,0.146,0.139,0.312
Palestinian Territories,Middle East and Northern Africa,2016.0,108.0,4.754,0.67,0.568,0.177,0.106,0.112
Panama,Latin America and Caribbean,2016.0,25.0,6.701,1.183,0.708,0.489,0.084,0.242
Paraguay,Latin America and Caribbean,2016.0,70.0,5.538,0.894,0.583,0.462,0.074,0.253
Peru,Latin America and Caribbean,2016.0,64.0,5.743,0.996,0.63,0.375,0.053,0.145
Philippines,Southeastern Asia,2016.0,82.0,5.279,0.812,0.47,0.549,0.118,0.217
Poland,Central and Eastern Europe,2016.0,57.0,5.835,1.246,0.691,0.452,0.055,0.144
Portugal,Western Europe,2016.0,94.0,5.123,1.276,0.794,0.447,0.015,0.117
Puerto Rico,Latin America and Caribbean,2016.0,15.0,7.039,1.359,0.778,0.468,0.123,0.222
Qatar,Middle East and Northern Africa,2016.0,36.0,6.375,1.824,0.717,0.567,0.48,0.324
Romania,Central and Eastern Europe,2016.0,71.0,5.528,1.17,0.676,0.367,0.007,0.129
Russia,Central and Eastern Europe,2016.0,56.0,5.856,1.232,0.59,0.327,0.036,0.027
Rwanda,Sub-Saharan Africa,2016.0,152.0,3.515,0.328,0.319,0.543,0.505,0.236
Saudi Arabia,Middle East and Northern Africa,2016.0,34.0,6.379,1.49,0.593,0.379,0.3,0.155
Senegal,Sub-Saharan Africa,2016.0,128.0,4.219,0.443,0.405,0.311,0.117,0.191
Serbia,Central and Eastern Europe,2016.0,86.0,5.177,1.034,0.646,0.157,0.043,0.207
Sierra Leone,Sub-Saharan Africa,2016.0,111.0,4.635,0.365,0.0,0.307,0.082,0.239
Singapore,Southeastern Asia,2016.0,22.0,6.739,1.646,0.947,0.488,0.47,0.327
Slovakia,Central and Eastern Europe,2016.0,45.0,6.078,1.28,0.704,0.234,0.029,0.138
Slovenia,Central and Eastern Europe,2016.0,63.0,5.768,1.299,0.792,0.532,0.036,0.257
Somalia,Sub-Saharan Africa,2016.0,76.0,5.44,0.0,0.115,0.568,0.312,0.272
Somaliland Region,Sub-Saharan Africa,2016.0,97.0,5.057,0.256,0.331,0.391,0.368,0.515
South Africa,Sub-Saharan Africa,2016.0,116.0,4.459,1.024,0.186,0.425,0.084,0.137
South Korea,Eastern Asia,2016.0,57.0,5.835,1.359,0.886,0.252,0.077,0.188
South Sudan,Sub-Saharan Africa,2016.0,143.0,3.832,0.394,0.158,0.197,0.13,0.259
Spain,Western Europe,2016.0,37.0,6.361,1.343,0.879,0.375,0.061,0.177
Sri Lanka,Southern Asia,2016.0,117.0,4.415,0.973,0.62,0.508,0.08,0.47
Sudan,Sub-Saharan Africa,2016.0,133.0,4.139,0.631,0.298,0.0,0.1,0.181
Suriname,Latin America and Caribbean,2016.0,40.0,6.269,1.097,0.509,0.522,0.127,0.167
Sweden,Western Europe,2016.0,10.0,7.291,1.452,0.831,0.582,0.409,0.383
Switzerland,Western Europe,2016.0,2.0,7.509,1.527,0.863,0.586,0.412,0.281
Syria,Middle East and Northern Africa,2016.0,156.0,3.069,0.747,0.63,0.069,0.172,0.484
Taiwan,Eastern Asia,2016.0,34.0,6.379,1.397,0.796,0.324,0.066,0.255
Tajikistan,Central and Eastern Europe,2016.0,100.0,4.996,0.488,0.531,0.434,0.135,0.26
Tanzania,Sub-Saharan Africa,2016.0,149.0,3.666,0.472,0.357,0.318,0.051,0.315
Thailand,Southeastern Asia,2016.0,33.0,6.474,1.089,0.649,0.496,0.028,0.587
Togo,Sub-Saharan Africa,2016.0,155.0,3.303,0.281,0.248,0.347,0.116,0.175
Trinidad and Tobago,Latin America and Caribbean,2016.0,43.0,6.168,1.326,0.526,0.485,0.012,0.319
Tunisia,Middle East and Northern Africa,2016.0,98.0,5.045,0.977,0.596,0.236,0.082,0.039
Turkey,Middle East and Northern Africa,2016.0,78.0,5.389,1.165,0.647,0.239,0.123,0.047
Turkmenistan,Central and Eastern Europe,2016.0,65.0,5.658,1.08,0.44,0.374,0.285,0.226
Uganda,Sub-Saharan Africa,2016.0,145.0,3.739,0.347,0.196,0.437,0.064,0.271
Ukraine,Central and Eastern Europe,2016.0,123.0,4.324,0.873,0.586,0.129,0.018,0.204
United Arab Emirates,Middle East and Northern Africa,2016.0,28.0,6.573,1.574,0.73,0.562,0.356,0.266
United Kingdom,Western Europe,2016.0,23.0,6.725,1.403,0.81,0.5,0.274,0.502
United States of America,North America,2016.0,13.0,7.104,1.508,0.779,0.482,0.149,0.411
Uruguay,Latin America and Caribbean,2016.0,29.0,6.545,1.182,0.722,0.544,0.214,0.181
Uzbekistan,Central and Eastern Europe,2016.0,49.0,5.987,0.736,0.502,0.608,0.283,0.343
Venezuela,Latin America and Caribbean,2016.0,44.0,6.084,1.134,0.619,0.198,0.083,0.043
Vietnam,Southeastern Asia,2016.0,96.0,5.061,0.74,0.662,0.56,0.116,0.251
Yemen,Middle East and Northern Africa,2016.0,147.0,3.724,0.579,0.31,0.229,0.059,0.098
Zambia,Sub-Saharan Africa,2016.0,106.0,4.795,0.612,0.236,0.427,0.115,0.179
Zimbabwe,Sub-Saharan Africa,2016.0,131.0,4.193,0.35,0.16,0.254,0.086,0.185
Afghanistan,Southern Asia,2017.0,141.0,3.794,0.401,0.181,0.106,0.061,0.312
Albania,Central and Eastern Europe,2017.0,109.0,4.644,0.996,0.731,0.381,0.04,0.201
Algeria,Middle East and Northern Africa,2017.0,53.0,5.872,1.092,0.618,0.233,0.146,0.069
Angola,Sub-Saharan Africa,2017.0,140.0,3.795,0.858,0.05,0.0,0.07,0.098
Argentina,Latin America and Caribbean,2017.0,24.0,6.599,1.185,0.695,0.495,0.06,0.109
Armenia,Central and Eastern Europe,2017.0,121.0,4.376,0.901,0.638,0.198,0.027,0.083
Australia,Australia and New Zealand,2017.0,10.0,7.284,1.484,0.844,0.602,0.301,0.478
Austria,Western Europe,2017.0,13.0,7.006,1.487,0.815,0.568,0.221,0.316
Azerbaijan,Central and Eastern Europe,2017.0,85.0,5.234,1.154,0.541,0.398,0.181,0.045
Bahrain,Middle East and Northern Africa,2017.0,41.0,6.087,1.488,0.653,0.537,0.257,0.173
Bangladesh,Southern Asia,2017.0,110.0,4.608,0.587,0.533,0.478,0.124,0.172
Belarus,Central and Eastern Europe,2017.0,67.0,5.569,1.157,0.638,0.295,0.156,0.155
Belgium,Western Europe,2017.0,17.0,6.891,1.464,0.818,0.54,0.251,0.232
Belize,Latin America and Caribbean,2017.0,50.0,5.956,0.908,0.45,0.548,0.097,0.24
Benin,Sub-Saharan Africa,2017.0,143.0,3.657,0.431,0.21,0.426,0.061,0.208
Bhutan,Southern Asia,2017.0,97.0,5.011,0.885,0.496,0.502,0.173,0.474
Bolivia,Latin America and Caribbean,2017.0,58.0,5.823,0.834,0.474,0.559,0.06,0.226
Bosnia and Herzegovina,Central and Eastern Europe,2017.0,90.0,5.182,0.982,0.705,0.204,0.0,0.329
Botswana,Sub-Saharan Africa,2017.0,142.0,3.766,1.122,0.342,0.505,0.099,0.099
Brazil,Latin America and Caribbean,2017.0,22.0,6.635,1.107,0.617,0.437,0.111,0.162
Bulgaria,Central and Eastern Europe,2017.0,105.0,4.714,1.161,0.708,0.289,0.011,0.113
Burkina Faso,Sub-Saharan Africa,2017.0,134.0,4.032,0.35,0.216,0.324,0.12,0.251
Burundi,Sub-Saharan Africa,2017.0,154.0,2.905,0.092,0.152,0.06,0.084,0.204
Cambodia,Southeastern Asia,2017.0,129.0,4.168,0.602,0.43,0.633,0.068,0.386
Cameroon,Sub-Saharan Africa,2017.0,107.0,4.695,0.564,0.133,0.43,0.051,0.236
Canada,North America,2017.0,7.0,7.316,1.479,0.835,0.611,0.287,0.436
Central African Republic,Sub-Saharan Africa,2017.0,155.0,2.693,0.0,0.019,0.271,0.057,0.281
Chad,Sub-Saharan Africa,2017.0,137.0,3.936,0.438,0.041,0.162,0.054,0.216
Chile,Latin America and Caribbean,2017.0,20.0,6.652,1.253,0.819,0.377,0.082,0.327
China,Eastern Asia,2017.0,79.0,5.273,1.081,0.741,0.473,0.023,0.029
Colombia,Latin America and Caribbean,2017.0,36.0,6.357,1.071,0.595,0.477,0.047,0.149
Congo (Brazzaville),Sub-Saharan Africa,2017.0,124.0,4.291,0.809,0.29,0.435,0.08,0.121
Congo (Kinshasa),Sub-Saharan Africa,2017.0,126.0,4.28,0.092,0.191,0.236,0.06,0.246
Costa Rica,Latin America and Caribbean,2017.0,12.0,7.079,1.11,0.76,0.58,0.1,0.215
Croatia,Central and Eastern Europe,2017.0,77.0,5.293,1.223,0.701,0.256,0.043,0.248
Cyprus,Western Europe,2017.0,65.0,5.621,1.356,0.845,0.355,0.041,0.271
Czech Republic,Central and Eastern Europe,2017.0,23.0,6.609,1.353,0.754,0.491,0.037,0.088
Denmark,Western Europe,2017.0,2.0,7.522,1.482,0.793,0.626,0.401,0.355
Dominican Republic,Latin America and Caribbean,2017.0,86.0,5.23,1.079,0.575,0.553,0.114,0.187
Ecuador,Latin America and Caribbean,2017.0,44.0,6.008,1.001,0.686,0.455,0.14,0.15
Egypt,Middle East and Northern Africa,2017.0,104.0,4.735,0.99,0.52,0.282,0.114,0.129
El Salvador,Latin America and Caribbean,2017.0,45.0,6.003,0.91,0.596,0.432,0.09,0.078
Estonia,Central and Eastern Europe,2017.0,66.0,5.611,1.321,0.695,0.479,0.183,0.099
Ethiopia,Sub-Saharan Africa,2017.0,119.0,4.46,0.339,0.353,0.409,0.165,0.313
Finland,Western Europe,2017.0,5.0,7.469,1.444,0.809,0.618,0.383,0.245
France,Western Europe,2017.0,31.0,6.442,1.431,0.844,0.47,0.173,0.13
Gabon,Sub-Saharan Africa,2017.0,118.0,4.465,1.198,0.357,0.312,0.076,0.044
Georgia,Central and Eastern Europe,2017.0,125.0,4.286,0.951,0.65,0.309,0.252,0.054
Germany,Western Europe,2017.0,16.0,6.951,1.488,0.799,0.563,0.277,0.336
Ghana,Sub-Saharan Africa,2017.0,131.0,4.12,0.667,0.296,0.423,0.025,0.257
Greece,Western Europe,2017.0,87.0,5.227,1.289,0.81,0.096,0.043,0.0
Guatemala,Latin America and Caribbean,2017.0,29.0,6.454,0.872,0.54,0.531,0.077,0.283
Guinea,Sub-Saharan Africa,2017.0,149.0,3.507,0.245,0.194,0.349,0.111,0.265
Haiti,Latin America and Caribbean,2017.0,145.0,3.603,0.369,0.277,0.03,0.1,0.489
Honduras,Latin America and Caribbean,2017.0,91.0,5.181,0.731,0.583,0.348,0.073,0.236
"Hong Kong S.A.R., China",Eastern Asia,2017.0,71.0,5.472,1.552,0.943,0.491,0.294,0.374
Hungary,Central and Eastern Europe,2017.0,75.0,5.324,1.286,0.688,0.176,0.037,0.078
Iceland,Western Europe,2017.0,3.0,7.504,1.481,0.834,0.627,0.154,0.476
India,Southern Asia,2017.0,122.0,4.315,0.792,0.455,0.47,0.092,0.232
Indonesia,Southeastern Asia,2017.0,81.0,5.262,0.996,0.492,0.443,0.015,0.612
Iran,Middle East and Northern Africa,2017.0,108.0,4.692,1.157,0.639,0.249,0.049,0.387
Iraq,Middle East and Northern Africa,2017.0,117.0,4.497,1.103,0.501,0.289,0.107,0.2
Ireland,Western Europe,2017.0,15.0,6.977,1.536,0.81,0.573,0.298,0.428
Israel,Middle East and Northern Africa,2017.0,11.0,7.213,1.375,0.838,0.406,0.085,0.33
Italy,Western Europe,2017.0,48.0,5.964,1.395,0.853,0.256,0.028,0.173
Ivory Coast,Sub-Saharan Africa,2017.0,128.0,4.18,0.603,0.049,0.448,0.13,0.201
Jamaica,Latin America and Caribbean,2017.0,76.0,5.311,0.926,0.641,0.474,0.055,0.234
Japan,Eastern Asia,2017.0,51.0,5.92,1.417,0.913,0.506,0.164,0.121
Jordan,Middle East and Northern Africa,2017.0,74.0,5.336,0.991,0.605,0.418,0.12,0.172
Kazakhstan,Central and Eastern Europe,2017.0,60.0,5.819,1.285,0.606,0.437,0.119,0.202
Kenya,Sub-Saharan Africa,2017.0,112.0,4.553,0.56,0.31,0.453,0.065,0.445
Kosovo,Central and Eastern Europe,2017.0,78.0,5.279,0.951,0.541,0.26,0.057,0.32
Kuwait,Middle East and Northern Africa,2017.0,39.0,6.105,1.633,0.632,0.496,0.215,0.228
Kyrgyzstan,Central and Eastern Europe,2017.0,98.0,5.004,0.596,0.553,0.455,0.039,0.429
Latvia,Central and Eastern Europe,2017.0,54.0,5.85,1.261,0.639,0.326,0.074,0.153
Lebanon,Middle East and Northern Africa,2017.0,88.0,5.225,1.075,0.735,0.289,0.038,0.264
Lesotho,Sub-Saharan Africa,2017.0,139.0,3.808,0.521,0.0,0.391,0.119,0.157
Liberia,Sub-Saharan Africa,2017.0,148.0,3.533,0.119,0.23,0.333,0.039,0.267
Libya,Middle East and Northern Africa,2017.0,68.0,5.525,1.102,0.52,0.466,0.093,0.152
Lithuania,Central and Eastern Europe,2017.0,52.0,5.902,1.315,0.629,0.234,0.012,0.01
Luxembourg,Western Europe,2017.0,18.0,6.863,1.742,0.845,0.597,0.319,0.283
Macedonia,Central and Eastern Europe,2017.0,92.0,5.175,1.065,0.645,0.326,0.06,0.254
Madagascar,Sub-Saharan Africa,2017.0,144.0,3.644,0.306,0.375,0.189,0.067,0.209
Malawi,Sub-Saharan Africa,2017.0,136.0,3.97,0.233,0.315,0.467,0.073,0.287
Malaysia,Southeastern Asia,2017.0,42.0,6.084,1.291,0.619,0.402,0.066,0.417
Mali,Sub-Saharan Africa,2017.0,127.0,4.19,0.476,0.169,0.307,0.105,0.183
Malta,Western Europe,2017.0,27.0,6.527,1.343,0.822,0.589,0.153,0.575
Mauritania,Sub-Saharan Africa,2017.0,123.0,4.292,0.648,0.285,0.096,0.137,0.202
Mauritius,Sub-Saharan Africa,2017.0,64.0,5.629,1.189,0.638,0.491,0.042,0.361
Mexico,Latin America and Caribbean,2017.0,25.0,6.578,1.153,0.71,0.413,0.133,0.121
Moldova,Central and Eastern Europe,2017.0,56.0,5.838,0.729,0.589,0.241,0.01,0.209
Mongolia,Eastern Asia,2017.0,100.0,4.955,1.027,0.558,0.394,0.033,0.338
Montenegro,Central and Eastern Europe,2017.0,83.0,5.237,1.121,0.667,0.195,0.088,0.198
Morocco,Middle East and Northern Africa,2017.0,84.0,5.235,0.878,0.598,0.408,0.088,0.032
Mozambique,Sub-Saharan Africa,2017.0,113.0,4.55,0.234,0.107,0.481,0.179,0.322
Myanmar,Southeastern Asia,2017.0,114.0,4.545,0.367,0.398,0.514,0.189,0.838
Namibia,Sub-Saharan Africa,2017.0,111.0,4.574,0.964,0.339,0.52,0.093,0.077
Nepal,Southern Asia,2017.0,99.0,4.962,0.48,0.504,0.44,0.073,0.394
Netherlands,Western Europe,2017.0,6.0,7.377,1.504,0.811,0.585,0.283,0.47
New Zealand,Australia and New Zealand,2017.0,8.0,7.314,1.406,0.817,0.614,0.383,0.5
Nicaragua,Latin America and Caribbean,2017.0,43.0,6.071,0.737,0.653,0.448,0.131,0.302
Niger,Sub-Saharan Africa,2017.0,135.0,4.028,0.162,0.269,0.364,0.139,0.229
Nigeria,Sub-Saharan Africa,2017.0,95.0,5.074,0.784,0.057,0.395,0.026,0.231
North Cyprus,Western Europe,2017.0,61.0,5.81,1.347,0.835,0.471,0.155,0.267
Norway,Western Europe,2017.0,1.0,7.537,1.616,0.797,0.635,0.316,0.362
Pakistan,Southern Asia,2017.0,80.0,5.269,0.727,0.402,0.235,0.124,0.315
Palestinian Territories,Middle East and Northern Africa,2017.0,103.0,4.775,0.716,0.566,0.255,0.089,0.114
Panama,Latin America and Caribbean,2017.0,30.0,6.452,1.234,0.706,0.55,0.071,0.211
Paraguay,Latin America and Caribbean,2017.0,70.0,5.493,0.933,0.579,0.474,0.091,0.224
Peru,Latin America and Caribbean,2017.0,63.0,5.715,1.035,0.63,0.45,0.047,0.127
Philippines,Southeastern Asia,2017.0,72.0,5.43,0.858,0.468,0.585,0.099,0.194
Poland,Central and Eastern Europe,2017.0,46.0,5.973,1.292,0.699,0.52,0.059,0.158
Portugal,Western Europe,2017.0,89.0,5.195,1.315,0.796,0.498,0.016,0.095
Qatar,Middle East and Northern Africa,2017.0,35.0,6.375,1.871,0.71,0.604,0.439,0.33
Romania,Central and Eastern Europe,2017.0,57.0,5.825,1.218,0.685,0.457,0.004,0.134
Russia,Central and Eastern Europe,2017.0,49.0,5.963,1.282,0.547,0.374,0.033,0.052
Rwanda,Sub-Saharan Africa,2017.0,151.0,3.471,0.369,0.326,0.582,0.455,0.253
Saudi Arabia,Middle East and Northern Africa,2017.0,37.0,6.344,1.531,0.59,0.45,0.273,0.148
Senegal,Sub-Saharan Africa,2017.0,115.0,4.535,0.479,0.409,0.378,0.115,0.183
Serbia,Central and Eastern Europe,2017.0,73.0,5.395,1.069,0.651,0.209,0.041,0.22
Sierra Leone,Sub-Saharan Africa,2017.0,106.0,4.709,0.368,0.006,0.319,0.071,0.293
Singapore,Southeastern Asia,2017.0,26.0,6.572,1.692,0.949,0.55,0.464,0.346
Slovakia,Central and Eastern Europe,2017.0,40.0,6.098,1.325,0.713,0.296,0.024,0.137
Slovenia,Central and Eastern Europe,2017.0,62.0,5.758,1.341,0.791,0.573,0.045,0.243
Somalia,Sub-Saharan Africa,2017.0,93.0,5.151,0.023,0.114,0.602,0.282,0.292
South Africa,Sub-Saharan Africa,2017.0,101.0,4.829,1.055,0.187,0.479,0.073,0.139
South Korea,Eastern Asia,2017.0,55.0,5.838,1.402,0.9,0.258,0.063,0.207
South Sudan,Sub-Saharan Africa,2017.0,147.0,3.591,0.397,0.163,0.147,0.117,0.286
Spain,Western Europe,2017.0,34.0,6.403,1.384,0.889,0.409,0.071,0.19
Sri Lanka,Southern Asia,2017.0,120.0,4.44,1.01,0.625,0.561,0.074,0.491
Sudan,Sub-Saharan Africa,2017.0,130.0,4.139,0.66,0.291,0.015,0.09,0.182
Sweden,Western Europe,2017.0,9.0,7.284,1.494,0.831,0.613,0.384,0.385
Switzerland,Western Europe,2017.0,4.0,7.494,1.565,0.858,0.62,0.367,0.291
Syria,Middle East and Northern Africa,2017.0,152.0,3.462,0.777,0.501,0.082,0.151,0.494
Taiwan Province of China,Eastern Asia,2017.0,33.0,6.422,1.434,0.794,0.361,0.064,0.258
Tajikistan,Central and Eastern Europe,2017.0,96.0,5.041,0.525,0.529,0.472,0.146,0.249
Tanzania,Sub-Saharan Africa,2017.0,153.0,3.349,0.511,0.365,0.39,0.066,0.354
Thailand,Southeastern Asia,2017.0,32.0,6.424,1.128,0.647,0.58,0.032,0.572
Togo,Sub-Saharan Africa,2017.0,150.0,3.495,0.305,0.247,0.38,0.096,0.197
Trinidad and Tobago,Latin America and Caribbean,2017.0,38.0,6.168,1.361,0.52,0.519,0.009,0.325
Tunisia,Middle East and Northern Africa,2017.0,102.0,4.805,1.007,0.613,0.29,0.087,0.05
Turkey,Middle East and Northern Africa,2017.0,69.0,5.5,1.198,0.638,0.301,0.1,0.047
Turkmenistan,Central and Eastern Europe,2017.0,59.0,5.822,1.131,0.438,0.418,0.259,0.25
Uganda,Sub-Saharan Africa,2017.0,133.0,4.081,0.381,0.218,0.443,0.057,0.326
Ukraine,Central and Eastern Europe,2017.0,132.0,4.096,0.895,0.576,0.123,0.023,0.27
United Arab Emirates,Middle East and Northern Africa,2017.0,21.0,6.648,1.626,0.727,0.608,0.324,0.361
United Kingdom,Western Europe,2017.0,19.0,6.714,1.442,0.805,0.508,0.265,0.493
United States of America,North America,2017.0,14.0,6.993,1.546,0.774,0.506,0.136,0.393
Uruguay,Latin America and Caribbean,2017.0,28.0,6.454,1.218,0.719,0.579,0.178,0.175
Uzbekistan,Central and Eastern Europe,2017.0,47.0,5.971,0.786,0.498,0.658,0.247,0.416
Venezuela,Latin America and Caribbean,2017.0,82.0,5.25,1.128,0.617,0.154,0.064,0.065
Vietnam,Southeastern Asia,2017.0,94.0,5.074,0.789,0.652,0.571,0.088,0.235
Yemen,Middle East and Northern Africa,2017.0,146.0,3.593,0.592,0.31,0.249,0.057,0.104
Zambia,Sub-Saharan Africa,2017.0,116.0,4.514,0.636,0.258,0.462,0.078,0.25
Zimbabwe,Sub-Saharan Africa,2017.0,138.0,3.875,0.376,0.197,0.336,0.095,0.189
Afghanistan,Southern Asia,2018.0,145.0,3.632,0.332,0.255,0.085,0.036,0.191
Albania,Central and Eastern Europe,2018.0,112.0,4.586,0.916,0.79,0.419,0.032,0.149
Algeria,Middle East and Northern Africa,2018.0,84.0,5.295,0.979,0.687,0.077,0.135,0.055
Angola,Sub-Saharan Africa,2018.0,142.0,3.795,0.73,0.269,0.0,0.061,0.079
Argentina,Latin America and Caribbean,2018.0,29.0,6.388,1.073,0.744,0.57,0.054,0.062
Armenia,Central and Eastern Europe,2018.0,129.0,4.321,0.816,0.666,0.26,0.028,0.077
Australia,Australia and New Zealand,2018.0,10.0,7.272,1.34,0.91,0.647,0.302,0.361
Austria,Western Europe,2018.0,12.0,7.139,1.341,0.891,0.617,0.224,0.242
Azerbaijan,Central and Eastern Europe,2018.0,87.0,5.201,1.024,0.603,0.43,0.176,0.031
Bahrain,Middle East and Northern Africa,2018.0,43.0,6.105,1.338,0.698,0.594,0.123,0.243
Bangladesh,Southern Asia,2018.0,115.0,4.5,0.532,0.579,0.58,0.144,0.153
Belarus,Central and Eastern Europe,2018.0,73.0,5.483,1.039,0.7,0.307,0.154,0.101
Belgium,Western Europe,2018.0,16.0,6.927,1.324,0.894,0.583,0.24,0.188
Belize,Latin America and Caribbean,2018.0,49.0,5.956,0.807,0.474,0.593,0.089,0.183
Benin,Sub-Saharan Africa,2018.0,136.0,4.141,0.378,0.24,0.44,0.067,0.163
Bhutan,Southern Asia,2018.0,97.0,5.082,0.796,0.527,0.541,0.171,0.364
Bolivia,Latin America and Caribbean,2018.0,62.0,5.752,0.751,0.508,0.606,0.054,0.141
Bosnia and Herzegovina,Central and Eastern Europe,2018.0,93.0,5.129,0.915,0.758,0.28,0.0,0.216
Botswana,Sub-Saharan Africa,2018.0,146.0,3.59,1.017,0.417,0.557,0.092,0.042
Brazil,Latin America and Caribbean,2018.0,28.0,6.419,0.986,0.675,0.493,0.088,0.11
Bulgaria,Central and Eastern Europe,2018.0,100.0,4.933,1.054,0.712,0.359,0.009,0.064
Burkina Faso,Sub-Saharan Africa,2018.0,121.0,4.424,0.314,0.254,0.312,0.128,0.175
Burundi,Sub-Saharan Africa,2018.0,156.0,2.905,0.091,0.145,0.065,0.076,0.149
Cambodia,Southeastern Asia,2018.0,120.0,4.433,0.549,0.457,0.696,0.065,0.256
Cameroon,Sub-Saharan Africa,2018.0,99.0,4.975,0.535,0.182,0.454,0.043,0.183
Canada,North America,2018.0,7.0,7.328,1.33,0.896,0.653,0.291,0.321
Central African Republic,Sub-Saharan Africa,2018.0,155.0,3.083,0.024,0.01,0.305,0.038,0.218
Chad,Sub-Saharan Africa,2018.0,131.0,4.301,0.358,0.053,0.189,0.06,0.181
Chile,Latin America and Caribbean,2018.0,25.0,6.476,1.131,0.808,0.431,0.061,0.197
China,Eastern Asia,2018.0,86.0,5.246,0.989,0.799,0.597,0.103,0.029
Colombia,Latin America and Caribbean,2018.0,37.0,6.26,0.96,0.635,0.531,0.039,0.099
Congo (Brazzaville),Sub-Saharan Africa,2018.0,114.0,4.559,0.682,0.343,0.514,0.077,0.091
Congo (Kinshasa),Sub-Saharan Africa,2018.0,132.0,4.245,0.069,0.204,0.312,0.052,0.197
Costa Rica,Latin America and Caribbean,2018.0,13.0,7.072,1.01,0.817,0.632,0.101,0.143
Croatia,Central and Eastern Europe,2018.0,82.0,5.321,1.115,0.737,0.38,0.039,0.12
Cyprus,Western Europe,2018.0,61.0,5.762,1.229,0.909,0.423,0.035,0.202
Czech Republic,Central and Eastern Europe,2018.0,21.0,6.711,1.233,0.854,0.543,0.034,0.064
Denmark,Western Europe,2018.0,3.0,7.555,1.351,0.868,0.683,0.408,0.284
Dominican Republic,Latin America and Caribbean,2018.0,83.0,5.302,0.982,0.614,0.578,0.106,0.12
Ecuador,Latin America and Caribbean,2018.0,48.0,5.973,0.889,0.736,0.556,0.12,0.114
Egypt,Middle East and Northern Africa,2018.0,122.0,4.419,0.885,0.553,0.312,0.107,0.092
El Salvador,Latin America and Caribbean,2018.0,40.0,6.167,0.806,0.639,0.461,0.082,0.065
Estonia,Central and Eastern Europe,2018.0,63.0,5.739,1.2,0.737,0.553,0.174,0.086
Ethiopia,Sub-Saharan Africa,2018.0,127.0,4.35,0.308,0.391,0.452,0.146,0.22
Finland,Western Europe,2018.0,1.0,7.632,1.305,0.874,0.681,0.393,0.202
France,Western Europe,2018.0,23.0,6.489,1.293,0.908,0.52,0.176,0.098
Gabon,Sub-Saharan Africa,2018.0,103.0,4.758,1.036,0.404,0.356,0.052,0.032
Georgia,Central and Eastern Europe,2018.0,128.0,4.34,0.853,0.643,0.375,0.215,0.038
Germany,Western Europe,2018.0,15.0,6.965,1.34,0.861,0.586,0.28,0.273
Ghana,Sub-Saharan Africa,2018.0,108.0,4.657,0.592,0.337,0.499,0.029,0.212
Greece,Western Europe,2018.0,79.0,5.358,1.154,0.879,0.131,0.044,0.0
Guatemala,Latin America and Caribbean,2018.0,30.0,6.382,0.781,0.608,0.604,0.071,0.179
Guinea,Sub-Saharan Africa,2018.0,140.0,3.964,0.344,0.211,0.394,0.094,0.185
Haiti,Latin America and Caribbean,2018.0,148.0,3.582,0.315,0.289,0.025,0.104,0.392
Honduras,Latin America and Caribbean,2018.0,72.0,5.504,0.62,0.622,0.459,0.074,0.197
Hong Kong,Eastern Asia,2018.0,76.0,5.43,1.405,1.03,0.524,0.291,0.246
Hungary,Central and Eastern Europe,2018.0,69.0,5.62,1.171,0.732,0.259,0.022,0.061
Iceland,Western Europe,2018.0,4.0,7.495,1.343,0.914,0.677,0.138,0.353
India,Southern Asia,2018.0,133.0,4.19,0.721,0.485,0.539,0.093,0.172
Indonesia,Southeastern Asia,2018.0,96.0,5.093,0.899,0.522,0.538,0.018,0.484
Iran,Middle East and Northern Africa,2018.0,106.0,4.707,1.059,0.691,0.459,0.129,0.282
Iraq,Middle East and Northern Africa,2018.0,117.0,4.456,1.01,0.536,0.304,0.095,0.148
Ireland,Western Europe,2018.0,14.0,6.977,1.448,0.876,0.614,0.306,0.307
Israel,Middle East and Northern Africa,2018.0,19.0,6.814,1.301,0.883,0.533,0.272,0.354
Italy,Western Europe,2018.0,47.0,6.0,1.264,0.946,0.281,0.028,0.137
Ivory Coast,Sub-Saharan Africa,2018.0,107.0,4.671,0.541,0.08,0.467,0.103,0.146
Jamaica,Latin America and Caribbean,2018.0,56.0,5.89,0.819,0.693,0.575,0.031,0.096
Japan,Eastern Asia,2018.0,54.0,5.915,1.294,0.988,0.553,0.15,0.079
Jordan,Middle East and Northern Africa,2018.0,90.0,5.161,0.822,0.645,0.468,0.134,0.13
Kazakhstan,Central and Eastern Europe,2018.0,60.0,5.79,1.143,0.631,0.454,0.121,0.148
Kenya,Sub-Saharan Africa,2018.0,124.0,4.41,0.493,0.454,0.504,0.055,0.352
Kosovo,Central and Eastern Europe,2018.0,66.0,5.662,0.855,0.578,0.448,0.023,0.274
Kuwait,Middle East and Northern Africa,2018.0,45.0,6.083,1.474,0.675,0.554,0.106,0.167
Kyrgyzstan,Central and Eastern Europe,2018.0,92.0,5.131,0.53,0.594,0.54,0.035,0.281
Laos,Southeastern Asia,2018.0,110.0,4.623,0.72,0.441,0.626,0.174,0.23
Latvia,Central and Eastern Europe,2018.0,53.0,5.933,1.148,0.671,0.363,0.066,0.092
Lebanon,Middle East and Northern Africa,2018.0,80.0,5.358,0.965,0.785,0.503,0.136,0.214
Lesotho,Sub-Saharan Africa,2018.0,141.0,3.808,0.472,0.079,0.423,0.112,0.116
Liberia,Sub-Saharan Africa,2018.0,149.0,3.495,0.076,0.267,0.419,0.03,0.206
Libya,Middle East and Northern Africa,2018.0,70.0,5.566,0.985,0.553,0.496,0.148,0.116
Lithuania,Central and Eastern Europe,2018.0,50.0,5.952,1.197,0.716,0.35,0.006,0.026
Luxembourg,Western Europe,2018.0,17.0,6.91,1.576,0.896,0.632,0.321,0.196
Macedonia,Central and Eastern Europe,2018.0,89.0,5.185,0.959,0.691,0.394,0.052,0.173
Madagascar,Sub-Saharan Africa,2018.0,143.0,3.774,0.262,0.402,0.221,0.049,0.155
Malawi,Sub-Saharan Africa,2018.0,147.0,3.587,0.186,0.306,0.531,0.08,0.21
Malaysia,Southeastern Asia,2018.0,35.0,6.322,1.161,0.669,0.356,0.059,0.311
Mali,Sub-Saharan Africa,2018.0,118.0,4.447,0.37,0.152,0.367,0.056,0.139
Malta,Western Europe,2018.0,22.0,6.627,1.27,0.884,0.645,0.142,0.376
Mauritania,Sub-Saharan Africa,2018.0,126.0,4.356,0.557,0.292,0.129,0.093,0.134
Mauritius,Sub-Saharan Africa,2018.0,55.0,5.891,1.09,0.684,0.584,0.05,0.245
Mexico,Latin America and Caribbean,2018.0,24.0,6.488,1.038,0.761,0.479,0.095,0.069
Moldova,Central and Eastern Europe,2018.0,67.0,5.64,0.657,0.62,0.232,0.0,0.171
Mongolia,Eastern Asia,2018.0,94.0,5.125,0.914,0.575,0.395,0.032,0.253
Montenegro,Central and Eastern Europe,2018.0,81.0,5.347,1.017,0.729,0.259,0.081,0.111
Morocco,Middle East and Northern Africa,2018.0,85.0,5.254,0.779,0.669,0.46,0.074,0.026
Mozambique,Sub-Saharan Africa,2018.0,123.0,4.417,0.198,0.173,0.531,0.158,0.206
Myanmar,Southeastern Asia,2018.0,130.0,4.308,0.682,0.429,0.58,0.178,0.598
Namibia,Sub-Saharan Africa,2018.0,119.0,4.441,0.874,0.365,0.519,0.064,0.051
Nepal,Southern Asia,2018.0,101.0,4.88,0.425,0.539,0.526,0.078,0.302
Netherlands,Western Europe,2018.0,6.0,7.441,1.361,0.878,0.638,0.295,0.333
New Zealand,Australia and New Zealand,2018.0,8.0,7.324,1.268,0.876,0.669,0.389,0.365
Nicaragua,Latin America and Caribbean,2018.0,41.0,6.141,0.668,0.7,0.527,0.128,0.208
Niger,Sub-Saharan Africa,2018.0,134.0,4.166,0.131,0.221,0.39,0.099,0.175
Nigeria,Sub-Saharan Africa,2018.0,91.0,5.155,0.689,0.048,0.462,0.032,0.201
Norway,Western Europe,2018.0,2.0,7.594,1.456,0.861,0.686,0.34,0.286
Pakistan,Southern Asia,2018.0,75.0,5.472,0.652,0.424,0.334,0.113,0.216
Palestinian Territories,Middle East and Northern Africa,2018.0,104.0,4.743,0.642,0.602,0.266,0.076,0.086
Panama,Latin America and Caribbean,2018.0,27.0,6.43,1.112,0.759,0.597,0.063,0.125
Paraguay,Latin America and Caribbean,2018.0,64.0,5.681,0.835,0.615,0.541,0.074,0.162
Peru,Latin America and Caribbean,2018.0,65.0,5.663,0.934,0.674,0.53,0.034,0.092
Philippines,Southeastern Asia,2018.0,71.0,5.524,0.775,0.513,0.643,0.105,0.12
Poland,Central and Eastern Europe,2018.0,42.0,6.123,1.176,0.781,0.546,0.064,0.108
Portugal,Western Europe,2018.0,77.0,5.41,1.188,0.884,0.562,0.017,0.055
Qatar,Middle East and Northern Africa,2018.0,32.0,6.374,1.649,0.748,0.654,0.171,0.256
Romania,Central and Eastern Europe,2018.0,52.0,5.945,1.116,0.726,0.528,0.001,0.088
Russia,Central and Eastern Europe,2018.0,59.0,5.81,1.151,0.599,0.399,0.025,0.065
Rwanda,Sub-Saharan Africa,2018.0,151.0,3.408,0.332,0.4,0.636,0.444,0.2
Saudi Arabia,Middle East and Northern Africa,2018.0,33.0,6.371,1.379,0.633,0.509,0.127,0.098
Senegal,Sub-Saharan Africa,2018.0,109.0,4.631,0.429,0.433,0.406,0.082,0.138
Serbia,Central and Eastern Europe,2018.0,78.0,5.398,0.975,0.685,0.288,0.043,0.134
Sierra Leone,Sub-Saharan Africa,2018.0,113.0,4.571,0.256,0.0,0.355,0.053,0.238
Singapore,Southeastern Asia,2018.0,34.0,6.343,1.529,1.008,0.631,0.457,0.261
Slovakia,Central and Eastern Europe,2018.0,39.0,6.173,1.21,0.776,0.354,0.014,0.118
Slovenia,Central and Eastern Europe,2018.0,51.0,5.948,1.219,0.856,0.633,0.051,0.16
Somalia,Sub-Saharan Africa,2018.0,98.0,4.982,0.0,0.115,0.674,0.282,0.238
South Africa,Sub-Saharan Africa,2018.0,105.0,4.724,0.94,0.33,0.516,0.056,0.103
South Korea,Eastern Asia,2018.0,57.0,5.875,1.266,0.955,0.244,0.051,0.175
South Sudan,Sub-Saharan Africa,2018.0,154.0,3.254,0.337,0.177,0.112,0.106,0.224
Spain,Western Europe,2018.0,36.0,6.31,1.251,0.965,0.449,0.074,0.142
Sri Lanka,Southern Asia,2018.0,116.0,4.471,0.918,0.672,0.585,0.05,0.307
Sudan,Sub-Saharan Africa,2018.0,137.0,4.139,0.605,0.312,0.016,0.082,0.134
Sweden,Western Europe,2018.0,9.0,7.314,1.355,0.913,0.659,0.383,0.285
Switzerland,Western Europe,2018.0,5.0,7.487,1.42,0.927,0.66,0.357,0.256
Syria,Middle East and Northern Africa,2018.0,150.0,3.462,0.689,0.539,0.088,0.144,0.376
Taiwan,Eastern Asia,2018.0,26.0,6.441,1.365,0.857,0.418,0.078,0.151
Tajikistan,Central and Eastern Europe,2018.0,88.0,5.199,0.474,0.598,0.292,0.034,0.187
Tanzania,Sub-Saharan Africa,2018.0,153.0,3.303,0.455,0.381,0.481,0.097,0.27
Thailand,Southeastern Asia,2018.0,46.0,6.072,1.016,0.707,0.637,0.029,0.364
Togo,Sub-Saharan Africa,2018.0,139.0,3.999,0.259,0.253,0.434,0.101,0.158
Trinidad and Tobago,Latin America and Caribbean,2018.0,38.0,6.192,1.223,0.564,0.575,0.019,0.171
Tunisia,Middle East and Northern Africa,2018.0,111.0,4.592,0.9,0.69,0.271,0.063,0.04
Turkey,Middle East and Northern Africa,2018.0,74.0,5.483,1.148,0.686,0.324,0.109,0.106
Turkmenistan,Central and Eastern Europe,2018.0,68.0,5.636,1.016,0.517,0.417,0.037,0.199
Uganda,Sub-Saharan Africa,2018.0,135.0,4.161,0.322,0.237,0.45,0.061,0.259
Ukraine,Central and Eastern Europe,2018.0,138.0,4.103,0.793,0.609,0.163,0.011,0.187
United Kingdom,Western Europe,2018.0,11.0,7.19,1.244,0.888,0.464,0.082,0.262
United States of America,North America,2018.0,18.0,6.886,1.398,0.819,0.547,0.133,0.291
Uruguay,Latin America and Caribbean,2018.0,31.0,6.379,1.093,0.771,0.625,0.155,0.13
Uzbekistan,Central and Eastern Europe,2018.0,44.0,6.096,0.719,0.605,0.724,0.259,0.328
Venezuela,Latin America and Caribbean,2018.0,102.0,4.806,0.996,0.657,0.133,0.052,0.056
Vietnam,Southeastern Asia,2018.0,95.0,5.103,0.715,0.702,0.618,0.079,0.177
Yemen,Middle East and Northern Africa,2018.0,152.0,3.355,0.442,0.343,0.244,0.064,0.083
Zambia,Sub-Saharan Africa,2018.0,125.0,4.377,0.562,0.295,0.503,0.082,0.221
Zimbabwe,Sub-Saharan Africa,2018.0,144.0,3.692,0.357,0.248,0.406,0.099,0.132
Afghanistan,Southern Asia,2019.0,154.0,3.203,0.35,0.361,0.0,0.025,0.158
Albania,Central and Eastern Europe,2019.0,107.0,4.719,0.947,0.874,0.383,0.027,0.178
Algeria,Middle East and Northern Africa,2019.0,88.0,5.211,1.002,0.785,0.086,0.114,0.073
Argentina,Latin America and Caribbean,2019.0,47.0,6.086,1.092,0.881,0.471,0.05,0.066
Armenia,Central and Eastern Europe,2019.0,116.0,4.559,0.85,0.815,0.283,0.064,0.095
Australia,Australia and New Zealand,2019.0,11.0,7.228,1.372,1.036,0.557,0.29,0.332
Austria,Western Europe,2019.0,10.0,7.246,1.376,1.016,0.532,0.226,0.244
Azerbaijan,Central and Eastern Europe,2019.0,90.0,5.208,1.043,0.769,0.351,0.182,0.035
Bahrain,Middle East and Northern Africa,2019.0,37.0,6.199,1.362,0.871,0.536,0.11,0.255
Bangladesh,Southern Asia,2019.0,125.0,4.456,0.562,0.723,0.527,0.143,0.166
Belarus,Central and Eastern Europe,2019.0,81.0,5.323,1.067,0.789,0.235,0.142,0.094
Belgium,Western Europe,2019.0,18.0,6.923,1.356,0.986,0.473,0.21,0.16
Benin,Sub-Saharan Africa,2019.0,102.0,4.883,0.393,0.397,0.349,0.082,0.175
Bhutan,Southern Asia,2019.0,95.0,5.082,0.813,0.604,0.457,0.167,0.37
Bolivia,Latin America and Caribbean,2019.0,61.0,5.779,0.776,0.706,0.511,0.064,0.137
Bosnia and Herzegovina,Central and Eastern Europe,2019.0,78.0,5.386,0.945,0.845,0.212,0.006,0.263
Botswana,Sub-Saharan Africa,2019.0,148.0,3.488,1.041,0.538,0.455,0.1,0.025
Brazil,Latin America and Caribbean,2019.0,32.0,6.3,1.004,0.802,0.39,0.086,0.099
Bulgaria,Central and Eastern Europe,2019.0,97.0,5.011,1.092,0.815,0.311,0.004,0.081
Burkina Faso,Sub-Saharan Africa,2019.0,115.0,4.587,0.331,0.38,0.255,0.113,0.177
Burundi,Sub-Saharan Africa,2019.0,145.0,3.775,0.046,0.38,0.22,0.18,0.176
Cambodia,Southeastern Asia,2019.0,109.0,4.7,0.574,0.637,0.609,0.062,0.232
Cameroon,Sub-Saharan Africa,2019.0,96.0,5.044,0.549,0.331,0.381,0.037,0.187
Canada,North America,2019.0,9.0,7.278,1.365,1.039,0.584,0.308,0.285
Central African Republic,Sub-Saharan Africa,2019.0,155.0,3.083,0.026,0.105,0.225,0.035,0.235
Chad,Sub-Saharan Africa,2019.0,132.0,4.35,0.35,0.192,0.174,0.078,0.198
Chile,Latin America and Caribbean,2019.0,26.0,6.444,1.159,0.92,0.357,0.056,0.187
China,Eastern Asia,2019.0,93.0,5.191,1.029,0.893,0.521,0.1,0.058
Colombia,Latin America and Caribbean,2019.0,43.0,6.125,0.985,0.841,0.47,0.034,0.099
Comoros,Sub-Saharan Africa,2019.0,142.0,3.973,0.274,0.505,0.142,0.078,0.275
Congo (Brazzaville),Sub-Saharan Africa,2019.0,103.0,4.812,0.673,0.508,0.372,0.093,0.105
Congo (Kinshasa),Sub-Saharan Africa,2019.0,127.0,4.418,0.094,0.357,0.269,0.053,0.212
Costa Rica,Latin America and Caribbean,2019.0,12.0,7.167,1.034,0.963,0.558,0.093,0.144
Croatia,Central and Eastern Europe,2019.0,75.0,5.432,1.155,0.914,0.296,0.022,0.119
Cyprus,Western Europe,2019.0,49.0,6.046,1.263,1.042,0.406,0.041,0.19
Czech Republic,Central and Eastern Europe,2019.0,20.0,6.852,1.269,0.92,0.457,0.036,0.046
Denmark,Western Europe,2019.0,2.0,7.6,1.383,0.996,0.592,0.41,0.252
Dominican Republic,Latin America and Caribbean,2019.0,77.0,5.425,1.015,0.779,0.497,0.101,0.113
Ecuador,Latin America and Caribbean,2019.0,50.0,6.028,0.912,0.868,0.498,0.087,0.126
Egypt,Middle East and Northern Africa,2019.0,137.0,4.166,0.913,0.644,0.241,0.067,0.076
El Salvador,Latin America and Caribbean,2019.0,35.0,6.253,0.794,0.789,0.43,0.074,0.093
Estonia,Central and Eastern Europe,2019.0,55.0,5.893,1.237,0.874,0.495,0.161,0.103
Ethiopia,Sub-Saharan Africa,2019.0,134.0,4.286,0.336,0.532,0.344,0.1,0.209
Finland,Western Europe,2019.0,1.0,7.769,1.34,0.986,0.596,0.393,0.153
France,Western Europe,2019.0,24.0,6.592,1.324,1.045,0.436,0.183,0.111
Gabon,Sub-Saharan Africa,2019.0,104.0,4.799,1.057,0.571,0.295,0.055,0.043
Gambia,West Africa,2019.0,120.0,4.516,0.308,0.428,0.382,0.167,0.269
Georgia,Central and Eastern Europe,2019.0,119.0,4.519,0.886,0.752,0.346,0.164,0.043
Germany,Western Europe,2019.0,17.0,6.985,1.373,0.987,0.495,0.265,0.261
Ghana,Sub-Saharan Africa,2019.0,98.0,4.996,0.611,0.486,0.381,0.04,0.245
Greece,Western Europe,2019.0,82.0,5.287,1.181,0.999,0.067,0.034,0.0
Guatemala,Latin America and Caribbean,2019.0,27.0,6.436,0.8,0.746,0.535,0.078,0.175
Guinea,Sub-Saharan Africa,2019.0,118.0,4.534,0.38,0.375,0.332,0.086,0.207
Haiti,Latin America and Caribbean,2019.0,147.0,3.597,0.323,0.449,0.026,0.11,0.419
Honduras,Latin America and Caribbean,2019.0,59.0,5.86,0.642,0.828,0.507,0.078,0.246
Hong Kong,Eastern Asia,2019.0,76.0,5.43,1.438,1.122,0.44,0.287,0.258
Hungary,Central and Eastern Europe,2019.0,62.0,5.758,1.201,0.828,0.199,0.02,0.081
Iceland,Western Europe,2019.0,4.0,7.494,1.38,1.026,0.591,0.118,0.354
India,Southern Asia,2019.0,140.0,4.015,0.755,0.588,0.498,0.085,0.2
Indonesia,Southeastern Asia,2019.0,92.0,5.192,0.931,0.66,0.491,0.028,0.498
Iran,Middle East and Northern Africa,2019.0,117.0,4.548,1.1,0.785,0.305,0.125,0.27
Iraq,Middle East and Northern Africa,2019.0,126.0,4.437,1.043,0.574,0.241,0.089,0.148
Ireland,Western Europe,2019.0,16.0,7.021,1.499,0.999,0.516,0.31,0.298
Israel,Middle East and Northern Africa,2019.0,13.0,7.139,1.276,1.029,0.371,0.082,0.261
Italy,Western Europe,2019.0,36.0,6.223,1.294,1.039,0.231,0.03,0.158
Ivory Coast,Sub-Saharan Africa,2019.0,99.0,4.944,0.569,0.232,0.352,0.09,0.154
Jamaica,Latin America and Caribbean,2019.0,56.0,5.89,0.831,0.831,0.49,0.028,0.107
Japan,Eastern Asia,2019.0,58.0,5.886,1.327,1.088,0.445,0.14,0.069
Jordan,Middle East and Northern Africa,2019.0,101.0,4.906,0.837,0.815,0.383,0.13,0.11
Kazakhstan,Central and Eastern Europe,2019.0,60.0,5.809,1.173,0.729,0.41,0.096,0.146
Kenya,Sub-Saharan Africa,2019.0,121.0,4.509,0.512,0.581,0.431,0.053,0.372
Kosovo,Central and Eastern Europe,2019.0,46.0,6.1,0.882,0.758,0.489,0.006,0.262
Kuwait,Middle East and Northern Africa,2019.0,51.0,6.021,1.5,0.808,0.493,0.097,0.142
Kyrgyzstan,Central and Eastern Europe,2019.0,86.0,5.261,0.551,0.723,0.508,0.023,0.3
Laos,Southeastern Asia,2019.0,105.0,4.796,0.764,0.551,0.547,0.164,0.266
Latvia,Central and Eastern Europe,2019.0,53.0,5.94,1.187,0.812,0.264,0.064,0.075
Lebanon,Middle East and Northern Africa,2019.0,91.0,5.197,0.987,0.815,0.216,0.027,0.166
Lesotho,Sub-Saharan Africa,2019.0,144.0,3.802,0.489,0.168,0.359,0.093,0.107
Liberia,Sub-Saharan Africa,2019.0,141.0,3.975,0.073,0.443,0.37,0.033,0.233
Libya,Middle East and Northern Africa,2019.0,72.0,5.525,1.044,0.673,0.416,0.152,0.133
Lithuania,Central and Eastern Europe,2019.0,42.0,6.149,1.238,0.818,0.291,0.042,0.043
Luxembourg,Western Europe,2019.0,14.0,7.09,1.609,1.012,0.526,0.316,0.194
Madagascar,Sub-Saharan Africa,2019.0,143.0,3.933,0.274,0.555,0.148,0.041,0.169
Malawi,Sub-Saharan Africa,2019.0,150.0,3.41,0.191,0.495,0.443,0.089,0.218
Malaysia,Southeastern Asia,2019.0,80.0,5.339,1.221,0.828,0.508,0.024,0.26
Mali,Sub-Saharan Africa,2019.0,128.0,4.39,0.385,0.308,0.327,0.052,0.153
Malta,Western Europe,2019.0,22.0,6.726,1.3,0.999,0.564,0.151,0.375
Mauritania,Sub-Saharan Africa,2019.0,122.0,4.49,0.57,0.489,0.066,0.088,0.106
Mauritius,Sub-Saharan Africa,2019.0,57.0,5.888,1.12,0.798,0.498,0.06,0.215
Mexico,Latin America and Caribbean,2019.0,23.0,6.595,1.07,0.861,0.433,0.073,0.074
Moldova,Central and Eastern Europe,2019.0,71.0,5.529,0.685,0.739,0.245,0.0,0.181
Mongolia,Eastern Asia,2019.0,83.0,5.285,0.948,0.667,0.317,0.038,0.235
Montenegro,Central and Eastern Europe,2019.0,73.0,5.523,1.051,0.871,0.197,0.08,0.142
Morocco,Middle East and Northern Africa,2019.0,89.0,5.208,0.801,0.782,0.418,0.076,0.036
Mozambique,Sub-Saharan Africa,2019.0,123.0,4.466,0.204,0.39,0.494,0.138,0.197
Myanmar,Southeastern Asia,2019.0,131.0,4.36,0.71,0.555,0.525,0.172,0.566
Namibia,Sub-Saharan Africa,2019.0,113.0,4.639,0.879,0.477,0.401,0.056,0.07
Nepal,Southern Asia,2019.0,100.0,4.913,0.446,0.677,0.439,0.089,0.285
Netherlands,Western Europe,2019.0,5.0,7.488,1.396,0.999,0.557,0.298,0.322
New Zealand,Australia and New Zealand,2019.0,8.0,7.307,1.303,1.026,0.585,0.38,0.33
Nicaragua,Latin America and Caribbean,2019.0,45.0,6.105,0.694,0.835,0.435,0.127,0.2
Niger,Sub-Saharan Africa,2019.0,114.0,4.628,0.138,0.366,0.318,0.102,0.188
Nigeria,Sub-Saharan Africa,2019.0,85.0,5.265,0.696,0.245,0.426,0.041,0.215
North Macedonia,Southeastern Europe,2019.0,84.0,5.274,0.983,0.838,0.345,0.034,0.185
Norway,Western Europe,2019.0,3.0,7.554,1.488,1.028,0.603,0.341,0.271
Pakistan,Southern Asia,2019.0,67.0,5.653,0.677,0.535,0.313,0.098,0.22
Palestinian Territories,Middle East and Northern Africa,2019.0,110.0,4.696,0.657,0.672,0.225,0.066,0.103
Panama,Latin America and Caribbean,2019.0,31.0,6.321,1.149,0.91,0.516,0.054,0.109
Paraguay,Latin America and Caribbean,2019.0,63.0,5.743,0.855,0.777,0.514,0.08,0.184
Peru,Latin America and Caribbean,2019.0,65.0,5.697,0.96,0.854,0.455,0.027,0.083
Philippines,Southeastern Asia,2019.0,69.0,5.631,0.807,0.657,0.558,0.107,0.117
Poland,Central and Eastern Europe,2019.0,40.0,6.182,1.206,0.884,0.483,0.05,0.117
Portugal,Western Europe,2019.0,66.0,5.693,1.221,0.999,0.508,0.025,0.047
Qatar,Middle East and Northern Africa,2019.0,29.0,6.374,1.684,0.871,0.555,0.167,0.22
Romania,Central and Eastern Europe,2019.0,48.0,6.07,1.162,0.825,0.462,0.005,0.083
Russia,Central and Eastern Europe,2019.0,68.0,5.648,1.183,0.726,0.334,0.031,0.082
Rwanda,Sub-Saharan Africa,2019.0,152.0,3.334,0.359,0.614,0.555,0.411,0.217
Saudi Arabia,Middle East and Northern Africa,2019.0,28.0,6.375,1.403,0.795,0.439,0.132,0.08
Senegal,Sub-Saharan Africa,2019.0,111.0,4.681,0.45,0.571,0.292,0.072,0.153
Serbia,Central and Eastern Europe,2019.0,70.0,5.603,1.004,0.854,0.282,0.039,0.137
Sierra Leone,Sub-Saharan Africa,2019.0,129.0,4.374,0.268,0.242,0.309,0.045,0.252
Singapore,Southeastern Asia,2019.0,34.0,6.262,1.572,1.141,0.556,0.453,0.271
Slovakia,Central and Eastern Europe,2019.0,38.0,6.198,1.246,0.881,0.334,0.014,0.121
Slovenia,Central and Eastern Europe,2019.0,44.0,6.118,1.258,0.953,0.564,0.057,0.144
Somalia,Sub-Saharan Africa,2019.0,112.0,4.668,0.0,0.268,0.559,0.27,0.243
South Africa,Sub-Saharan Africa,2019.0,106.0,4.722,0.96,0.469,0.389,0.055,0.13
South Korea,Eastern Asia,2019.0,54.0,5.895,1.301,1.036,0.159,0.056,0.175
South Sudan,Sub-Saharan Africa,2019.0,156.0,2.853,0.306,0.295,0.01,0.091,0.202
Spain,Western Europe,2019.0,30.0,6.354,1.286,1.062,0.362,0.079,0.153
Sri Lanka,Southern Asia,2019.0,130.0,4.366,0.949,0.831,0.47,0.047,0.244
Swaziland,Sub-Saharan Africa,2019.0,135.0,4.212,0.811,0.0,0.313,0.135,0.074
Sweden,Western Europe,2019.0,7.0,7.343,1.387,1.009,0.574,0.373,0.267
Switzerland,Western Europe,2019.0,6.0,7.48,1.452,1.052,0.572,0.343,0.263
Syria,Middle East and Northern Africa,2019.0,149.0,3.462,0.619,0.44,0.013,0.141,0.331
Taiwan,Eastern Asia,2019.0,25.0,6.446,1.368,0.914,0.351,0.097,0.242
Tajikistan,Central and Eastern Europe,2019.0,74.0,5.467,0.493,0.718,0.389,0.144,0.23
Tanzania,Sub-Saharan Africa,2019.0,153.0,3.231,0.476,0.499,0.417,0.147,0.276
Thailand,Southeastern Asia,2019.0,52.0,6.008,1.05,0.828,0.557,0.028,0.359
Togo,Sub-Saharan Africa,2019.0,139.0,4.085,0.275,0.41,0.293,0.085,0.177
Trinidad and Tobago,Latin America and Caribbean,2019.0,39.0,6.192,1.231,0.713,0.489,0.016,0.185
Tunisia,Middle East and Northern Africa,2019.0,124.0,4.461,0.921,0.815,0.167,0.055,0.059
Turkey,Middle East and Northern Africa,2019.0,79.0,5.373,1.183,0.808,0.195,0.106,0.083
Turkmenistan,Central and Eastern Europe,2019.0,87.0,5.247,1.052,0.657,0.394,0.028,0.244
Uganda,Sub-Saharan Africa,2019.0,136.0,4.189,0.332,0.443,0.356,0.06,0.252
Ukraine,Central and Eastern Europe,2019.0,133.0,4.332,0.82,0.739,0.178,0.01,0.187
United Arab Emirates,Middle East and Northern Africa,2019.0,21.0,6.825,1.503,0.825,0.598,0.182,0.262
United Kingdom,Western Europe,2019.0,15.0,7.054,1.333,0.996,0.45,0.278,0.348
United States of America,North America,2019.0,19.0,6.892,1.433,0.874,0.454,0.128,0.28
Uruguay,Latin America and Caribbean,2019.0,33.0,6.293,1.124,0.891,0.523,0.15,0.127
Uzbekistan,Central and Eastern Europe,2019.0,41.0,6.174,0.745,0.756,0.631,0.24,0.322
Venezuela,Latin America and Caribbean,2019.0,108.0,4.707,0.96,0.805,0.154,0.047,0.064
Vietnam,Southeastern Asia,2019.0,94.0,5.175,0.741,0.851,0.543,0.073,0.147
Yemen,Middle East and Northern Africa,2019.0,151.0,3.38,0.287,0.463,0.143,0.077,0.108
Zambia,Sub-Saharan Africa,2019.0,138.0,4.107,0.578,0.426,0.431,0.087,0.247
Zimbabwe,Sub-Saharan Africa,2019.0,146.0,3.663,0.366,0.433,0.361,0.089,0.151
